aircraft_id,tail_number,model_id,airline_id,manufacture_year,status
ACFT00001,N5830U,AM0005,AL0011,2008,Retired
ACFT00002,N2948B,AM0022,AL0016,2025,Active
ACFT00003,N6442Z,AM0025,AL0002,2020,Active
ACFT00004,N3840X,AM0019,AL0019,2004,Active
ACFT00005,N1288Y,AM0003,AL0008,2018,Retired
ACFT00006,N4737N,AM0021,AL0010,2006,Active
ACFT00007,N0442J,AM0018,AL0013,2007,In Maintenance
ACFT00008,N5017J,AM0014,AL0013,2005,Retired
ACFT00009,N6554M,AM0004,AL0001,2017,Active
ACFT00010,N8926Z,AM0025,AL0018,2005,Active
ACFT00011,N0749P,AM0012,AL0013,2015,Active
ACFT00012,N8119N,AM0002,AL0020,2014,Active
ACFT00013,N5128H,AM0006,AL0010,2019,Retired
ACFT00014,N5321Y,AM0011,AL0013,2025,Retired
ACFT00015,N9135K,AM0002,AL0009,1998,Active
ACFT00016,N7203Q,AM0009,AL0018,2025,Retired
ACFT00017,N1800N,AM0012,AL0017,2001,Active
ACFT00018,N5220R,AM0024,AL0019,2012,In Maintenance
ACFT00019,N3139G,AM0003,AL0011,2007,Active
ACFT00020,N8212H,AM0015,AL0016,2015,Active
ACFT00021,N1537M,AM0023,AL0008,2018,Active
ACFT00022,N4417C,AM0021,AL0010,2022,Active
ACFT00023,N7974H,AM0024,AL0016,2009,Active
ACFT00024,N8247Y,AM0005,AL0002,2024,Active
ACFT00025,N9081Q,AM0021,AL0015,2007,Active
ACFT00026,N9693H,AM0025,AL0001,2003,Active
ACFT00027,N3364T,AM0009,AL0012,2008,Retired
ACFT00028,N4315X,AM0013,AL0010,2012,Active
ACFT00029,N8247Q,AM0014,AL0010,2016,Active
ACFT00030,N0501R,AM0013,AL0010,2021,Active
ACFT00031,N1356L,AM0008,AL0010,2004,Retired
ACFT00032,N0798T,AM0025,AL0009,2006,Active
ACFT00033,N4841W,AM0024,AL0010,2024,Retired
ACFT00034,N3938N,AM0010,AL0012,2010,In Maintenance
ACFT00035,N4280M,AM0021,AL0016,2004,In Maintenance
ACFT00036,N3526K,AM0010,AL0012,2025,Active
ACFT00037,N1162H,AM0020,AL0013,2010,Active
ACFT00038,N6332J,AM0015,AL0017,2025,Active
ACFT00039,N6597A,AM0012,AL0020,2023,Retired
ACFT00040,N3252Z,AM0004,AL0003,2023,In Maintenance
ACFT00041,N2519X,AM0017,AL0015,2014,In Maintenance
ACFT00042,N7307L,AM0009,AL0005,2020,Retired
ACFT00043,N9659V,AM0006,AL0004,2024,Active
ACFT00044,N4004P,AM0005,AL0016,2005,Active
ACFT00045,N0177A,AM0025,AL0002,1999,Retired
ACFT00046,N5078W,AM0003,AL0017,2006,Active
ACFT00047,N5696L,AM0020,AL0016,2015,Active
ACFT00048,N7585W,AM0022,AL0020,2013,Active
ACFT00049,N0005T,AM0001,AL0014,2000,Retired
ACFT00050,N2187R,AM0015,AL0018,2013,Active
ACFT00051,N4401X,AM0015,AL0003,2002,Active
ACFT00052,N3773E,AM0009,AL0018,2012,In Maintenance
ACFT00053,N6048T,AM0017,AL0004,2014,Active
ACFT00054,N7012H,AM0011,AL0007,2015,Active
ACFT00055,N1917Q,AM0011,AL0003,2009,Retired
ACFT00056,N6236H,AM0011,AL0009,2009,Active
ACFT00057,N6007Q,AM0021,AL0015,2017,In Maintenance
ACFT00058,N0809T,AM0016,AL0006,2018,Active
ACFT00059,N9937F,AM0010,AL0017,2020,Active
ACFT00060,N4248L,AM0024,AL0013,2007,Active
ACFT00061,N0375P,AM0021,AL0013,2009,In Maintenance
ACFT00062,N4256X,AM0024,AL0019,2007,Active
ACFT00063,N6980K,AM0019,AL0009,2012,Active
ACFT00064,N3017J,AM0010,AL0007,2001,Active
ACFT00065,N1221C,AM0020,AL0020,2010,Active
ACFT00066,N7846Y,AM0009,AL0012,2003,Retired
ACFT00067,N8090A,AM0007,AL0013,2012,In Maintenance
ACFT00068,N4702G,AM0012,AL0006,2021,In Maintenance
ACFT00069,N3932C,AM0025,AL0005,2025,Active
ACFT00070,N1154M,AM0015,AL0004,2010,Active
ACFT00071,N8513H,AM0010,AL0005,1999,In Maintenance
ACFT00072,N8317L,AM0012,AL0004,2004,Active
ACFT00073,N0628V,AM0008,AL0015,2000,Active
ACFT00074,N3556B,AM0017,AL0002,2019,In Maintenance
ACFT00075,N3160N,AM0009,AL0013,2025,In Maintenance
ACFT00076,N7920T,AM0014,AL0019,2013,Active
ACFT00077,N0098S,AM0010,AL0016,2002,In Maintenance
ACFT00078,N8003A,AM0009,AL0009,1998,Active
ACFT00079,N8058T,AM0025,AL0002,2025,Active
ACFT00080,N2457L,AM0009,AL0017,2006,In Maintenance
ACFT00081,N2784A,AM0002,AL0001,2001,Retired
ACFT00082,N5894D,AM0010,AL0014,2002,Active
ACFT00083,N5890G,AM0014,AL0014,2005,Active
ACFT00084,N4081R,AM0003,AL0004,2016,Active
ACFT00085,N9672V,AM0008,AL0015,2022,Active
ACFT00086,N4033N,AM0005,AL0004,2005,Active
ACFT00087,N2443S,AM0013,AL0005,2017,Active
ACFT00088,N3728J,AM0019,AL0017,1999,Active
ACFT00089,N0188F,AM0025,AL0020,1998,Active
ACFT00090,N6514S,AM0010,AL0006,1999,Active
ACFT00091,N9802L,AM0022,AL0019,2023,In Maintenance
ACFT00092,N1501B,AM0006,AL0019,2014,Retired
ACFT00093,N2719G,AM0020,AL0016,2020,Active
ACFT00094,N0371B,AM0015,AL0003,1998,Active
ACFT00095,N8537W,AM0019,AL0006,1998,Active
ACFT00096,N3503Q,AM0019,AL0014,2021,Active
ACFT00097,N1992K,AM0014,AL0020,2000,Retired
ACFT00098,N1513P,AM0007,AL0017,2002,In Maintenance
ACFT00099,N6527S,AM0014,AL0009,2012,Active
ACFT00100,N7483V,AM0021,AL0005,2014,Active
ACFT00101,N2255T,AM0025,AL0020,2004,Active
ACFT00102,N2835Y,AM0024,AL0006,2010,Active
ACFT00103,N5699M,AM0005,AL0007,2016,In Maintenance
ACFT00104,N4159M,AM0015,AL0020,2010,Active
ACFT00105,N3132Z,AM0003,AL0012,2008,Active
ACFT00106,N5108Y,AM0017,AL0006,2000,In Maintenance
ACFT00107,N7101U,AM0025,AL0001,2010,Retired
ACFT00108,N7801X,AM0002,AL0009,2020,Active
ACFT00109,N9710B,AM0017,AL0020,2015,Retired
ACFT00110,N6862U,AM0024,AL0009,2023,In Maintenance
ACFT00111,N0887X,AM0022,AL0014,2001,In Maintenance
ACFT00112,N5439S,AM0010,AL0006,1998,Retired
ACFT00113,N1905E,AM0003,AL0016,2013,Active
ACFT00114,N6446U,AM0024,AL0016,2003,In Maintenance
ACFT00115,N3941A,AM0024,AL0013,2014,Retired
ACFT00116,N2653M,AM0015,AL0016,2023,Retired
ACFT00117,N8500M,AM0025,AL0012,2007,Active
ACFT00118,N4857Q,AM0001,AL0008,2013,In Maintenance
ACFT00119,N3667E,AM0016,AL0015,2017,Retired
ACFT00120,N6277Q,AM0001,AL0017,2002,Retired
ACFT00121,N9506U,AM0024,AL0017,2023,Retired
ACFT00122,N1128N,AM0018,AL0005,2003,Retired
ACFT00123,N9856H,AM0023,AL0014,2020,Active
ACFT00124,N0351F,AM0015,AL0001,2016,In Maintenance
ACFT00125,N0788K,AM0003,AL0012,2001,Active
ACFT00126,N5952J,AM0001,AL0012,2018,Retired
ACFT00127,N7488A,AM0009,AL0008,2003,Retired
ACFT00128,N7352J,AM0019,AL0020,2014,Retired
ACFT00129,N3071K,AM0004,AL0018,2024,Active
ACFT00130,N1139Y,AM0022,AL0001,2024,Active
ACFT00131,N3592Y,AM0006,AL0005,2022,Active
ACFT00132,N1230V,AM0013,AL0005,2011,In Maintenance
ACFT00133,N8387V,AM0006,AL0018,2013,Active
ACFT00134,N8519Q,AM0012,AL0011,2006,Active
ACFT00135,N9914E,AM0012,AL0015,2023,In Maintenance
ACFT00136,N0999X,AM0001,AL0017,2011,Retired
ACFT00137,N6595R,AM0015,AL0016,2019,Active
ACFT00138,N2786M,AM0020,AL0002,2008,Active
ACFT00139,N1066U,AM0024,AL0003,2018,In Maintenance
ACFT00140,N9487G,AM0009,AL0008,2004,Retired
ACFT00141,N8059R,AM0023,AL0007,2018,In Maintenance
ACFT00142,N9057R,AM0022,AL0015,1999,In Maintenance
ACFT00143,N8464W,AM0025,AL0004,2000,Retired
ACFT00144,N1207F,AM0010,AL0008,2007,Retired
ACFT00145,N3831A,AM0022,AL0005,2011,In Maintenance
ACFT00146,N2959F,AM0015,AL0004,2017,Active
ACFT00147,N3135V,AM0002,AL0004,2008,Active
ACFT00148,N3762X,AM0007,AL0004,1998,In Maintenance
ACFT00149,N4199B,AM0017,AL0012,2007,Active
ACFT00150,N9982R,AM0005,AL0009,2010,In Maintenance
ACFT00151,N5666N,AM0011,AL0009,2013,Active
ACFT00152,N6500Y,AM0020,AL0010,2016,Retired
ACFT00153,N9517D,AM0004,AL0015,2004,Active
ACFT00154,N3308N,AM0013,AL0018,2015,Retired
ACFT00155,N3504N,AM0006,AL0011,2015,Active
ACFT00156,N3821N,AM0014,AL0013,2019,Active
ACFT00157,N8309L,AM0007,AL0015,2012,In Maintenance
ACFT00158,N1639H,AM0025,AL0014,2020,Active
ACFT00159,N5524C,AM0002,AL0003,2004,Retired
ACFT00160,N6793G,AM0025,AL0020,2017,Active
ACFT00161,N5690F,AM0020,AL0004,1999,In Maintenance
ACFT00162,N2248A,AM0022,AL0009,2000,Retired
ACFT00163,N8666C,AM0022,AL0014,2022,Active
ACFT00164,N7256Q,AM0005,AL0009,2011,Active
ACFT00165,N3340T,AM0024,AL0005,2015,Active
ACFT00166,N0460Z,AM0015,AL0019,2014,In Maintenance
ACFT00167,N3065R,AM0025,AL0002,2017,Retired
ACFT00168,N7483P,AM0022,AL0005,2004,In Maintenance
ACFT00169,N1626V,AM0015,AL0020,2002,In Maintenance
ACFT00170,N8911Y,AM0010,AL0015,1999,Active
ACFT00171,N3028J,AM0003,AL0002,2022,In Maintenance
ACFT00172,N0713A,AM0003,AL0016,2004,Active
ACFT00173,N6483E,AM0010,AL0020,2014,Active
ACFT00174,N1240K,AM0021,AL0002,2010,Active
ACFT00175,N8768U,AM0013,AL0009,2002,Active
ACFT00176,N6818H,AM0013,AL0010,2009,Retired
ACFT00177,N7940J,AM0007,AL0003,2000,Retired
ACFT00178,N4995Y,AM0015,AL0005,2002,Active
ACFT00179,N4486N,AM0016,AL0004,2001,Active
ACFT00180,N4774A,AM0025,AL0004,2021,Active
ACFT00181,N1146V,AM0019,AL0009,2013,Active
ACFT00182,N2760J,AM0016,AL0010,2023,In Maintenance
ACFT00183,N3898N,AM0023,AL0005,2010,Active
ACFT00184,N4370G,AM0011,AL0006,2003,Active
ACFT00185,N1421K,AM0024,AL0004,2015,Retired
ACFT00186,N8589X,AM0010,AL0016,2024,Retired
ACFT00187,N3899J,AM0004,AL0005,2012,In Maintenance
ACFT00188,N2599P,AM0011,AL0019,1998,Active
ACFT00189,N1475J,AM0004,AL0011,2006,Active
ACFT00190,N3026F,AM0003,AL0017,2023,Active
ACFT00191,N9054V,AM0023,AL0013,2012,Retired
ACFT00192,N8566N,AM0020,AL0006,2024,Active
ACFT00193,N1424Q,AM0006,AL0013,2012,In Maintenance
ACFT00194,N2283E,AM0021,AL0006,1998,Active
ACFT00195,N7787Z,AM0002,AL0003,2022,In Maintenance
ACFT00196,N5282G,AM0008,AL0006,2019,Active
ACFT00197,N8837Y,AM0018,AL0006,2018,Active
ACFT00198,N7061W,AM0008,AL0003,2025,In Maintenance
ACFT00199,N0914F,AM0019,AL0001,2003,In Maintenance
ACFT00200,N8370L,AM0022,AL0019,2023,Active
ACFT00201,N9923K,AM0002,AL0011,2004,Active
ACFT00202,N5517F,AM0001,AL0009,2025,Active
ACFT00203,N3863X,AM0024,AL0019,2003,Active
ACFT00204,N3521M,AM0014,AL0005,2013,Active
ACFT00205,N5838Q,AM0013,AL0009,2020,Active
ACFT00206,N0753M,AM0012,AL0017,2000,Active
ACFT00207,N3654G,AM0011,AL0013,1999,Active
ACFT00208,N3443P,AM0018,AL0008,2021,Retired
ACFT00209,N2514U,AM0015,AL0006,1999,Active
ACFT00210,N8670J,AM0005,AL0001,2015,Active
ACFT00211,N6858G,AM0016,AL0002,2024,Active
ACFT00212,N1056G,AM0017,AL0004,2015,Retired
ACFT00213,N7732T,AM0003,AL0016,2011,Active
ACFT00214,N6124N,AM0010,AL0013,2009,Active
ACFT00215,N1933B,AM0020,AL0009,2015,Active
ACFT00216,N8294W,AM0016,AL0016,2014,Active
ACFT00217,N1188P,AM0004,AL0004,2012,Active
ACFT00218,N0939W,AM0002,AL0005,2002,Active
ACFT00219,N8665A,AM0015,AL0008,2016,Retired
ACFT00220,N3785T,AM0012,AL0019,2018,Active
ACFT00221,N0458H,AM0025,AL0013,2017,Active
ACFT00222,N2315R,AM0014,AL0018,2000,In Maintenance
ACFT00223,N8902H,AM0024,AL0005,2017,Retired
ACFT00224,N2810W,AM0006,AL0017,2018,Active
ACFT00225,N9235N,AM0012,AL0002,2003,Active
ACFT00226,N9404P,AM0004,AL0005,2021,Active
ACFT00227,N5598G,AM0015,AL0011,2012,Active
ACFT00228,N3644E,AM0005,AL0002,2011,In Maintenance
ACFT00229,N2787H,AM0013,AL0018,2018,Active
ACFT00230,N1135X,AM0009,AL0018,2012,In Maintenance
ACFT00231,N8072E,AM0005,AL0011,2013,In Maintenance
ACFT00232,N5035G,AM0003,AL0007,2006,Retired
ACFT00233,N5471B,AM0013,AL0002,2023,Active
ACFT00234,N5270P,AM0024,AL0013,2025,Retired
ACFT00235,N9038N,AM0005,AL0011,2001,Active
ACFT00236,N1278J,AM0011,AL0016,2018,In Maintenance
ACFT00237,N4712U,AM0006,AL0013,1998,In Maintenance
ACFT00238,N1749A,AM0021,AL0003,2008,Retired
ACFT00239,N9207N,AM0011,AL0003,2025,Active
ACFT00240,N8105X,AM0025,AL0016,2002,In Maintenance
ACFT00241,N4798N,AM0007,AL0004,2008,Active
ACFT00242,N6565N,AM0003,AL0019,2004,Active
ACFT00243,N4679Q,AM0015,AL0003,2018,Active
ACFT00244,N1530B,AM0017,AL0015,2010,In Maintenance
ACFT00245,N5954C,AM0025,AL0020,2014,In Maintenance
ACFT00246,N6088Z,AM0022,AL0009,2024,Active
ACFT00247,N2127F,AM0023,AL0002,2012,Retired
ACFT00248,N8102U,AM0016,AL0018,2018,In Maintenance
ACFT00249,N6366P,AM0009,AL0004,2000,Active
ACFT00250,N5125D,AM0011,AL0011,2004,Retired
ACFT00251,N4171C,AM0004,AL0020,2024,In Maintenance
ACFT00252,N6233F,AM0011,AL0015,2022,Active
ACFT00253,N7626T,AM0010,AL0001,2016,Active
ACFT00254,N5594K,AM0001,AL0017,2008,Retired
ACFT00255,N5870M,AM0006,AL0004,2003,Active
ACFT00256,N7298W,AM0014,AL0015,2021,Retired
ACFT00257,N0556W,AM0010,AL0013,2019,Active
ACFT00258,N3567U,AM0025,AL0006,2004,Active
ACFT00259,N3904Q,AM0012,AL0009,2014,Active
ACFT00260,N0456C,AM0024,AL0003,2015,Active
ACFT00261,N2263P,AM0017,AL0020,2011,In Maintenance
ACFT00262,N7719D,AM0002,AL0005,2023,Retired
ACFT00263,N0028E,AM0006,AL0007,2001,Active
ACFT00264,N6404A,AM0018,AL0011,2005,Retired
ACFT00265,N4552U,AM0014,AL0014,2000,Active
ACFT00266,N5241Y,AM0008,AL0011,2017,Active
ACFT00267,N7266Q,AM0014,AL0011,2016,Retired
ACFT00268,N0899Z,AM0023,AL0012,2025,Active
ACFT00269,N9704F,AM0010,AL0018,2013,In Maintenance
ACFT00270,N2885T,AM0002,AL0008,2002,In Maintenance
ACFT00271,N1284P,AM0008,AL0017,2010,Active
ACFT00272,N4287S,AM0024,AL0016,2000,Active
ACFT00273,N3696M,AM0020,AL0020,2016,In Maintenance
ACFT00274,N2536B,AM0021,AL0019,2016,Active
ACFT00275,N1734P,AM0023,AL0016,2022,Active
ACFT00276,N4727F,AM0003,AL0005,2007,Active
ACFT00277,N3582Q,AM0008,AL0016,2006,Retired
ACFT00278,N0077K,AM0002,AL0015,1999,Active
ACFT00279,N6324H,AM0001,AL0006,2009,Active
ACFT00280,N8435U,AM0021,AL0014,2011,Active
ACFT00281,N2946Y,AM0024,AL0006,2019,Active
ACFT00282,N4170L,AM0004,AL0011,2019,In Maintenance
ACFT00283,N9465F,AM0019,AL0016,2001,Active
ACFT00284,N3514K,AM0014,AL0004,2005,In Maintenance
ACFT00285,N8184R,AM0002,AL0007,2012,Active
ACFT00286,N5292A,AM0023,AL0016,2007,In Maintenance
ACFT00287,N7684A,AM0022,AL0010,1998,In Maintenance
ACFT00288,N0429C,AM0015,AL0020,2021,Active
ACFT00289,N8212D,AM0018,AL0001,2018,Active
ACFT00290,N4355A,AM0010,AL0015,2012,Active
ACFT00291,N1110H,AM0020,AL0017,2006,Active
ACFT00292,N5334P,AM0012,AL0019,2021,Active
ACFT00293,N3240M,AM0025,AL0004,1998,Active
ACFT00294,N9317D,AM0002,AL0020,2010,Active
ACFT00295,N1189P,AM0005,AL0008,2020,Active
ACFT00296,N6665Z,AM0025,AL0008,2024,Active
ACFT00297,N7039K,AM0008,AL0008,2005,Active
ACFT00298,N2865L,AM0008,AL0013,2016,Active
ACFT00299,N1349H,AM0020,AL0014,2003,Active
ACFT00300,N1494K,AM0005,AL0010,2001,Active
ACFT00301,N6629Q,AM0013,AL0002,2007,Active
ACFT00302,N0493P,AM0008,AL0020,2022,Active
ACFT00303,N6781N,AM0005,AL0005,2017,Active
ACFT00304,N5161L,AM0025,AL0002,2011,In Maintenance
ACFT00305,N3182G,AM0005,AL0012,2005,In Maintenance
ACFT00306,N8802T,AM0003,AL0009,2001,In Maintenance
ACFT00307,N7950W,AM0017,AL0013,2005,In Maintenance
ACFT00308,N1166B,AM0022,AL0018,2002,Retired
ACFT00309,N1526K,AM0004,AL0002,2003,Active
ACFT00310,N5433S,AM0018,AL0006,2017,In Maintenance
ACFT00311,N5552X,AM0014,AL0011,2001,Retired
ACFT00312,N5789S,AM0021,AL0016,1999,Active
ACFT00313,N7473T,AM0004,AL0013,2013,Retired
ACFT00314,N0926A,AM0025,AL0008,2006,Active
ACFT00315,N1982D,AM0016,AL0013,2010,Retired
ACFT00316,N8916G,AM0022,AL0020,2001,Active
ACFT00317,N7413N,AM0010,AL0010,2003,Active
ACFT00318,N7096X,AM0024,AL0018,2010,Active
ACFT00319,N9107E,AM0016,AL0016,2017,In Maintenance
ACFT00320,N1497N,AM0004,AL0007,2009,Active
ACFT00321,N1361N,AM0024,AL0005,2013,Active
ACFT00322,N0326X,AM0020,AL0016,2012,Active
ACFT00323,N1769X,AM0008,AL0005,2005,Retired
ACFT00324,N1751G,AM0014,AL0007,2005,Active
ACFT00325,N9533W,AM0010,AL0005,2009,Active
ACFT00326,N2159E,AM0014,AL0013,1998,Active
ACFT00327,N2416G,AM0025,AL0006,2017,Active
ACFT00328,N1299N,AM0023,AL0014,2015,In Maintenance
ACFT00329,N4816S,AM0006,AL0019,2006,Retired
ACFT00330,N7276X,AM0025,AL0017,2008,Retired
ACFT00331,N1682T,AM0011,AL0019,2007,In Maintenance
ACFT00332,N0761B,AM0018,AL0001,2016,In Maintenance
ACFT00333,N7240Z,AM0020,AL0010,2019,Active
ACFT00334,N5912Q,AM0013,AL0005,2001,In Maintenance
ACFT00335,N6798D,AM0012,AL0019,2009,Active
ACFT00336,N3958P,AM0012,AL0015,1998,Active
ACFT00337,N0486D,AM0022,AL0007,2010,Active
ACFT00338,N2897C,AM0010,AL0012,2004,Active
ACFT00339,N6865M,AM0007,AL0013,2007,Active
ACFT00340,N2270C,AM0010,AL0010,2010,In Maintenance
ACFT00341,N3765N,AM0005,AL0010,2007,Active
ACFT00342,N1307U,AM0010,AL0002,2009,Active
ACFT00343,N2238M,AM0003,AL0010,2019,Active
ACFT00344,N7465G,AM0003,AL0007,2020,Active
ACFT00345,N8779F,AM0019,AL0017,1998,Active
ACFT00346,N0534F,AM0002,AL0018,2008,Active
ACFT00347,N3337Q,AM0015,AL0016,2021,Retired
ACFT00348,N4151H,AM0020,AL0001,2012,Retired
ACFT00349,N4132W,AM0019,AL0017,2003,In Maintenance
ACFT00350,N8066K,AM0012,AL0008,2014,In Maintenance
ACFT00351,N4730J,AM0005,AL0009,2002,In Maintenance
ACFT00352,N2321Z,AM0024,AL0019,1998,Active
ACFT00353,N1776X,AM0021,AL0018,2015,Active
ACFT00354,N0315R,AM0016,AL0002,2012,In Maintenance
ACFT00355,N8329S,AM0003,AL0008,2019,In Maintenance
ACFT00356,N7443T,AM0001,AL0015,2007,Active
ACFT00357,N2914H,AM0008,AL0011,2021,Active
ACFT00358,N6697F,AM0004,AL0006,2009,Active
ACFT00359,N2840V,AM0022,AL0011,2018,Active
ACFT00360,N6076Q,AM0006,AL0018,2000,Active
ACFT00361,N8446E,AM0008,AL0005,2000,Active
ACFT00362,N1825G,AM0025,AL0015,2019,Active
ACFT00363,N2584D,AM0021,AL0015,2021,In Maintenance
ACFT00364,N2183J,AM0006,AL0018,2024,In Maintenance
ACFT00365,N0494R,AM0010,AL0006,2007,Retired
ACFT00366,N1170L,AM0013,AL0005,1998,Active
ACFT00367,N3059B,AM0017,AL0011,2025,In Maintenance
ACFT00368,N8570W,AM0024,AL0011,2014,In Maintenance
ACFT00369,N0963A,AM0022,AL0009,2004,Active
ACFT00370,N6067G,AM0025,AL0016,2019,Active
ACFT00371,N2221F,AM0002,AL0016,2023,Active
ACFT00372,N6378U,AM0006,AL0005,2005,In Maintenance
ACFT00373,N5392M,AM0015,AL0016,2019,Retired
ACFT00374,N4757Y,AM0002,AL0005,2020,In Maintenance
ACFT00375,N3819E,AM0009,AL0009,2012,Active
ACFT00376,N8391M,AM0004,AL0001,2015,In Maintenance
ACFT00377,N9020H,AM0024,AL0007,2005,Active
ACFT00378,N3621E,AM0002,AL0020,2024,In Maintenance
ACFT00379,N9921B,AM0004,AL0009,2025,Active
ACFT00380,N9772R,AM0005,AL0015,2025,Retired
ACFT00381,N0653T,AM0004,AL0003,2018,Retired
ACFT00382,N6410Y,AM0015,AL0013,1999,Active
ACFT00383,N2362K,AM0010,AL0008,2008,Active
ACFT00384,N7560L,AM0023,AL0015,2010,In Maintenance
ACFT00385,N4611U,AM0007,AL0019,2024,In Maintenance
ACFT00386,N6829G,AM0014,AL0011,2013,In Maintenance
ACFT00387,N6193V,AM0017,AL0003,2013,Active
ACFT00388,N3740E,AM0016,AL0010,2002,Active
ACFT00389,N6125G,AM0020,AL0003,2020,Active
ACFT00390,N1667Y,AM0006,AL0009,2007,Active
ACFT00391,N1429N,AM0013,AL0002,2000,Active
ACFT00392,N0602T,AM0021,AL0013,2025,Active
ACFT00393,N5758P,AM0022,AL0007,2003,Active
ACFT00394,N0070K,AM0016,AL0005,1998,Active
ACFT00395,N0351M,AM0017,AL0001,2000,Retired
ACFT00396,N9002V,AM0022,AL0018,2010,Active
ACFT00397,N4607B,AM0016,AL0017,2000,Retired
ACFT00398,N7182E,AM0024,AL0017,2021,Active
ACFT00399,N3015H,AM0004,AL0002,2012,Active
ACFT00400,N3813E,AM0009,AL0007,2007,In Maintenance
ACFT00401,N4300W,AM0003,AL0020,1998,Active
ACFT00402,N0794H,AM0003,AL0012,2011,Active
ACFT00403,N7919Y,AM0012,AL0003,2002,Active
ACFT00404,N1070Q,AM0006,AL0003,2025,Retired
ACFT00405,N0620B,AM0011,AL0006,2006,Active
ACFT00406,N1508Q,AM0011,AL0020,2011,Active
ACFT00407,N2966E,AM0016,AL0004,1998,In Maintenance
ACFT00408,N7594S,AM0024,AL0019,2001,In Maintenance
ACFT00409,N3018T,AM0022,AL0014,2003,Active
ACFT00410,N3600N,AM0010,AL0019,1999,Active
ACFT00411,N6972V,AM0009,AL0017,2018,Active
ACFT00412,N4810B,AM0020,AL0007,2024,Active
ACFT00413,N9097D,AM0004,AL0017,2025,Retired
ACFT00414,N8115G,AM0014,AL0004,2005,Active
ACFT00415,N2160F,AM0011,AL0006,2020,Retired
ACFT00416,N5462R,AM0005,AL0005,2012,In Maintenance
ACFT00417,N7325P,AM0016,AL0003,1999,Active
ACFT00418,N0515Y,AM0009,AL0002,2000,Active
ACFT00419,N5739V,AM0005,AL0004,2013,Active
ACFT00420,N9765Y,AM0017,AL0003,2009,Retired
ACFT00421,N8400F,AM0005,AL0008,1998,Active
ACFT00422,N0219C,AM0017,AL0002,2024,Active
ACFT00423,N6317Z,AM0005,AL0002,2018,Active
ACFT00424,N7956D,AM0011,AL0020,2012,Active
ACFT00425,N8723Q,AM0021,AL0002,2025,Active
ACFT00426,N0820H,AM0006,AL0002,2025,Active
ACFT00427,N8258A,AM0020,AL0001,2025,Active
ACFT00428,N7261D,AM0019,AL0003,2005,In Maintenance
ACFT00429,N7896M,AM0023,AL0011,2022,In Maintenance
ACFT00430,N1263M,AM0005,AL0017,2012,Active
ACFT00431,N1421D,AM0018,AL0015,2018,Active
ACFT00432,N5305D,AM0024,AL0012,2022,Active
ACFT00433,N0149F,AM0020,AL0002,2002,Retired
ACFT00434,N2237H,AM0005,AL0016,2010,Active
ACFT00435,N6895T,AM0021,AL0001,2001,Active
ACFT00436,N9721C,AM0003,AL0013,2005,Active
ACFT00437,N8523G,AM0015,AL0009,2009,Retired
ACFT00438,N8683M,AM0013,AL0018,2021,Active
ACFT00439,N1955K,AM0014,AL0007,2022,Active
ACFT00440,N2946A,AM0013,AL0013,2008,Retired
ACFT00441,N2801V,AM0001,AL0009,2007,In Maintenance
ACFT00442,N3251B,AM0013,AL0011,2012,Active
ACFT00443,N0016H,AM0024,AL0019,2023,Active
ACFT00444,N0048J,AM0011,AL0015,2025,Active
ACFT00445,N0241Z,AM0007,AL0009,2004,Active
ACFT00446,N7393D,AM0025,AL0009,2003,Retired
ACFT00447,N9935E,AM0003,AL0015,2017,Active
ACFT00448,N6675S,AM0013,AL0007,2006,Active
ACFT00449,N5814K,AM0013,AL0004,2003,Retired
ACFT00450,N5139C,AM0012,AL0010,1998,Active
ACFT00451,N6640A,AM0024,AL0002,2009,Active
ACFT00452,N2101E,AM0011,AL0004,2008,In Maintenance
ACFT00453,N8606D,AM0025,AL0009,2013,Active
ACFT00454,N4001L,AM0002,AL0016,2003,Retired
ACFT00455,N4367T,AM0019,AL0016,2018,Active
ACFT00456,N5542M,AM0015,AL0006,2017,In Maintenance
ACFT00457,N0937Y,AM0007,AL0009,2010,Retired
ACFT00458,N4841A,AM0006,AL0004,2003,Active
ACFT00459,N1943L,AM0018,AL0016,2012,Active
ACFT00460,N2890T,AM0016,AL0005,2016,Retired
ACFT00461,N3090E,AM0016,AL0016,2008,Active
ACFT00462,N0453B,AM0002,AL0017,2005,Active
ACFT00463,N1989N,AM0015,AL0014,2012,Active
ACFT00464,N5764H,AM0025,AL0007,2007,Retired
ACFT00465,N4017W,AM0001,AL0020,2009,Active
ACFT00466,N1007H,AM0012,AL0014,2007,Retired
ACFT00467,N3094V,AM0013,AL0013,2006,Retired
ACFT00468,N7185Q,AM0023,AL0018,2018,Retired
ACFT00469,N2894C,AM0008,AL0018,2010,Active
ACFT00470,N8855F,AM0012,AL0002,2011,Active
ACFT00471,N0942S,AM0018,AL0018,2016,Active
ACFT00472,N0024J,AM0002,AL0016,2008,Active
ACFT00473,N1335P,AM0021,AL0005,2000,Retired
ACFT00474,N8829N,AM0021,AL0007,2021,In Maintenance
ACFT00475,N1378J,AM0018,AL0016,1999,Active
ACFT00476,N1116N,AM0017,AL0005,2014,Active
ACFT00477,N4687D,AM0019,AL0010,2005,In Maintenance
ACFT00478,N5873K,AM0020,AL0014,2003,Active
ACFT00479,N8051X,AM0023,AL0014,1999,Retired
ACFT00480,N0032M,AM0011,AL0019,2023,Retired
ACFT00481,N2355Y,AM0012,AL0003,2010,Retired
ACFT00482,N4561S,AM0016,AL0006,2007,In Maintenance
ACFT00483,N8313G,AM0005,AL0020,2018,In Maintenance
ACFT00484,N5851H,AM0022,AL0012,1999,Active
ACFT00485,N6356H,AM0020,AL0005,2013,Active
ACFT00486,N6313L,AM0016,AL0006,2011,Active
ACFT00487,N0850W,AM0008,AL0007,2013,Retired
ACFT00488,N8013N,AM0009,AL0012,2001,Active
ACFT00489,N7460R,AM0011,AL0006,2024,Active
ACFT00490,N9542Y,AM0017,AL0013,2004,Active
ACFT00491,N0218M,AM0020,AL0009,2016,Active
ACFT00492,N9655E,AM0017,AL0013,2018,Active
ACFT00493,N5695Y,AM0024,AL0004,2007,In Maintenance
ACFT00494,N9541G,AM0025,AL0013,2001,Retired
ACFT00495,N8136F,AM0018,AL0019,2006,In Maintenance
ACFT00496,N9602T,AM0010,AL0003,2020,In Maintenance
ACFT00497,N8980T,AM0015,AL0007,2023,Active
ACFT00498,N1064R,AM0011,AL0014,2024,Active
ACFT00499,N8058L,AM0016,AL0013,2004,Active
ACFT00500,N5490X,AM0021,AL0014,2014,Active
ACFT00501,N8845J,AM0010,AL0012,2002,Active
ACFT00502,N2857C,AM0013,AL0014,2017,In Maintenance
ACFT00503,N7691N,AM0002,AL0013,2009,Active
ACFT00504,N5504H,AM0019,AL0002,2017,Retired
ACFT00505,N6246B,AM0013,AL0016,2017,Active
ACFT00506,N7700W,AM0012,AL0009,2025,Retired
ACFT00507,N2843G,AM0014,AL0002,2011,Active
ACFT00508,N6143D,AM0006,AL0009,2007,Active
ACFT00509,N3560W,AM0015,AL0009,2012,In Maintenance
ACFT00510,N8694V,AM0019,AL0002,2002,Retired
ACFT00511,N7515X,AM0009,AL0020,2001,Active
ACFT00512,N9427B,AM0004,AL0005,2012,Active
ACFT00513,N1593L,AM0010,AL0007,2021,Active
ACFT00514,N3405Q,AM0005,AL0009,2012,Active
ACFT00515,N3271B,AM0010,AL0017,2019,Retired
ACFT00516,N0831X,AM0016,AL0015,2002,Retired
ACFT00517,N1306S,AM0003,AL0016,2010,Active
ACFT00518,N7239V,AM0019,AL0005,2015,Active
ACFT00519,N0685R,AM0006,AL0017,2007,Active
ACFT00520,N0001Z,AM0023,AL0017,1998,Active
ACFT00521,N6729E,AM0019,AL0010,2000,Active
ACFT00522,N9000V,AM0007,AL0011,2023,Active
ACFT00523,N2447J,AM0015,AL0001,2014,Active
ACFT00524,N0327U,AM0003,AL0016,2005,Active
ACFT00525,N0706K,AM0003,AL0020,2005,Retired
ACFT00526,N3437Z,AM0024,AL0010,1999,Active
ACFT00527,N8454V,AM0021,AL0011,2024,Active
ACFT00528,N5443P,AM0004,AL0010,2001,In Maintenance
ACFT00529,N6488L,AM0008,AL0002,2019,In Maintenance
ACFT00530,N9192P,AM0005,AL0013,2004,Active
ACFT00531,N2437B,AM0010,AL0015,2007,Active
ACFT00532,N8955S,AM0008,AL0019,2005,Active
ACFT00533,N1726H,AM0009,AL0019,2021,Retired
ACFT00534,N7726M,AM0014,AL0010,1998,Retired
ACFT00535,N2590Y,AM0005,AL0020,2007,Active
ACFT00536,N8563D,AM0023,AL0011,2005,Active
ACFT00537,N5827T,AM0019,AL0013,2005,Active
ACFT00538,N7334W,AM0020,AL0013,2003,Retired
ACFT00539,N9495K,AM0005,AL0020,2023,Active
ACFT00540,N0669T,AM0018,AL0015,2008,Active
ACFT00541,N0574L,AM0021,AL0003,2009,Active
ACFT00542,N8664G,AM0005,AL0002,2008,Active
ACFT00543,N5967C,AM0019,AL0009,2025,Active
ACFT00544,N9294Y,AM0009,AL0011,2007,Active
ACFT00545,N8796W,AM0020,AL0014,2007,In Maintenance
ACFT00546,N1058U,AM0012,AL0010,2007,Retired
ACFT00547,N5568W,AM0021,AL0011,2007,Active
ACFT00548,N1537N,AM0004,AL0019,2000,Active
ACFT00549,N9461Y,AM0010,AL0007,2014,Active
ACFT00550,N1389M,AM0007,AL0010,1998,Retired
ACFT00551,N4090A,AM0007,AL0012,2004,In Maintenance
ACFT00552,N4016S,AM0008,AL0010,2003,Active
ACFT00553,N2762T,AM0010,AL0020,2006,In Maintenance
ACFT00554,N5812H,AM0004,AL0020,2019,Active
ACFT00555,N3875N,AM0018,AL0011,2014,Active
ACFT00556,N8421H,AM0014,AL0010,2025,Active
ACFT00557,N6444Z,AM0021,AL0012,2007,In Maintenance
ACFT00558,N9112W,AM0018,AL0004,2023,Active
ACFT00559,N4865G,AM0004,AL0009,1999,In Maintenance
ACFT00560,N3152H,AM0002,AL0005,2012,Active
ACFT00561,N0794N,AM0011,AL0003,2020,Active
ACFT00562,N9564N,AM0013,AL0002,2012,Active
ACFT00563,N5765B,AM0007,AL0012,2024,Active
ACFT00564,N9812Z,AM0020,AL0001,2006,Active
ACFT00565,N3878A,AM0015,AL0013,1998,Active
ACFT00566,N4582H,AM0019,AL0009,2019,In Maintenance
ACFT00567,N1791F,AM0003,AL0008,1999,Active
ACFT00568,N3842H,AM0021,AL0016,2019,Active
ACFT00569,N5318L,AM0006,AL0011,2018,In Maintenance
ACFT00570,N2771B,AM0012,AL0015,2021,Active
ACFT00571,N0767R,AM0011,AL0015,2011,Active
ACFT00572,N4573X,AM0021,AL0001,2023,Active
ACFT00573,N8893C,AM0007,AL0005,2002,Retired
ACFT00574,N4773H,AM0007,AL0012,2010,Active
ACFT00575,N4803F,AM0009,AL0020,2001,Retired
ACFT00576,N8402B,AM0010,AL0004,2019,Active
ACFT00577,N4958T,AM0005,AL0003,2017,Active
ACFT00578,N8392L,AM0005,AL0019,2020,In Maintenance
ACFT00579,N6221A,AM0006,AL0020,2019,Retired
ACFT00580,N5924Y,AM0012,AL0004,2006,Active
ACFT00581,N7051F,AM0009,AL0009,1999,Active
ACFT00582,N2612F,AM0010,AL0013,2024,Retired
ACFT00583,N3633N,AM0018,AL0004,2011,Active
ACFT00584,N6089Q,AM0007,AL0007,2000,Active
ACFT00585,N5643J,AM0023,AL0008,2023,In Maintenance
ACFT00586,N1832Z,AM0019,AL0013,2025,Active
ACFT00587,N5622T,AM0005,AL0007,2010,Retired
ACFT00588,N4184S,AM0008,AL0009,2019,Retired
ACFT00589,N3578E,AM0005,AL0006,1999,Retired
ACFT00590,N6961E,AM0007,AL0016,2000,Active
ACFT00591,N2179N,AM0010,AL0004,2005,Active
ACFT00592,N5744Q,AM0004,AL0005,2016,Active
ACFT00593,N3058B,AM0001,AL0005,2001,Active
ACFT00594,N2285N,AM0011,AL0019,1998,Retired
ACFT00595,N6270C,AM0018,AL0019,2016,In Maintenance
ACFT00596,N8614B,AM0008,AL0011,2019,Retired
ACFT00597,N6723F,AM0022,AL0004,2018,In Maintenance
ACFT00598,N3224W,AM0010,AL0016,2020,In Maintenance
ACFT00599,N7292X,AM0023,AL0010,2020,Active
ACFT00600,N3527H,AM0006,AL0017,2014,Active
