refund_id,payment_id,booking_id,refund_date,refund_amount,reason
REF000001,PAY00000060,BK00000060,2026-04-14,491.21,Schedule Change
REF000002,PAY00000194,BK00000194,2026-03-15,279.79,Duplicate Booking
REF000003,PAY00000274,BK00000274,2025-10-30,1778.91,Medical Emergency
REF000004,PAY00000710,BK00000710,2025-07-17,794.81,Passenger Request
REF000005,PAY00001244,BK00001244,2026-03-13,2683.89,Passenger Request
REF000006,PAY00001471,BK00001471,2026-05-07,1273.28,Flight Cancelled
REF000007,PAY00001629,BK00001629,2025-09-11,1407.3,Passenger Request
REF000008,PAY00001674,BK00001674,2025-09-06,2868.4,Flight Cancelled
REF000009,PAY00001719,BK00001719,2026-02-22,329.26,Schedule Change
REF000010,PAY00002252,BK00002252,2026-01-02,554.88,Passenger Request
REF000011,PAY00002498,BK00002498,2026-01-02,4075.59,Flight Cancelled
REF000012,PAY00003376,BK00003376,2026-03-06,1681.57,Schedule Change
REF000013,PAY00004235,BK00004235,2025-11-30,1186.81,Passenger Request
REF000014,PAY00004282,BK00004282,2025-07-25,2611.45,Medical Emergency
REF000015,PAY00004740,BK00004740,2025-11-02,409.83,Passenger Request
REF000016,PAY00004754,BK00004754,2026-05-21,1283.77,Schedule Change
REF000017,PAY00004801,BK00004801,2026-02-17,779.02,Duplicate Booking
REF000018,PAY00004858,BK00004858,2025-06-26,120.54,Medical Emergency
REF000019,PAY00005466,BK00005466,2026-01-24,690.84,Flight Cancelled
REF000020,PAY00005516,BK00005516,2025-06-28,1889.89,Flight Cancelled
REF000021,PAY00005639,BK00005639,2026-03-29,3999.17,Flight Cancelled
REF000022,PAY00005701,BK00005701,2026-01-02,2169.99,Flight Cancelled
REF000023,PAY00006013,BK00006013,2025-08-13,522.91,Duplicate Booking
REF000024,PAY00006021,BK00006021,2025-06-29,974.81,Duplicate Booking
REF000025,PAY00006045,BK00006045,2026-01-13,687.7,Flight Cancelled
REF000026,PAY00006370,BK00006370,2026-01-02,1482.28,Flight Cancelled
REF000027,PAY00006629,BK00006629,2025-08-28,283.02,Flight Cancelled
REF000028,PAY00006813,BK00006813,2025-06-22,1116.19,Passenger Request
REF000029,PAY00006922,BK00006922,2025-05-09,757.13,Schedule Change
REF000030,PAY00006961,BK00006961,2025-08-04,1904.97,Flight Cancelled
REF000031,PAY00006972,BK00006972,2025-08-22,665.01,Duplicate Booking
REF000032,PAY00006977,BK00006977,2025-08-22,1297.28,Schedule Change
REF000033,PAY00007116,BK00007116,2025-12-15,521.74,Passenger Request
REF000034,PAY00007257,BK00007257,2025-05-31,788.14,Passenger Request
REF000035,PAY00007443,BK00007443,2025-12-16,3885.29,Schedule Change
REF000036,PAY00007998,BK00007998,2026-01-01,340.41,Flight Cancelled
REF000037,PAY00008263,BK00008263,2025-04-25,2631.38,Schedule Change
REF000038,PAY00008685,BK00008685,2026-01-12,2114.28,Flight Cancelled
REF000039,PAY00008826,BK00008826,2025-08-26,1950.27,Duplicate Booking
REF000040,PAY00008875,BK00008875,2026-01-18,2783.81,Flight Cancelled
REF000041,PAY00009162,BK00009162,2026-02-08,1038.13,Duplicate Booking
REF000042,PAY00009842,BK00009842,2026-06-21,1163.34,Flight Cancelled
REF000043,PAY00010028,BK00010028,2026-02-16,2305.75,Duplicate Booking
REF000044,PAY00010470,BK00010470,2025-10-22,2999.46,Duplicate Booking
REF000045,PAY00010500,BK00010500,2026-01-08,1914.6,Medical Emergency
REF000046,PAY00010527,BK00010527,2026-03-06,1117.45,Duplicate Booking
REF000047,PAY00010598,BK00010598,2025-06-15,3120.66,Schedule Change
REF000048,PAY00010616,BK00010616,2026-03-04,466.9,Schedule Change
REF000049,PAY00010644,BK00010644,2025-09-06,971.83,Duplicate Booking
REF000050,PAY00010812,BK00010812,2026-04-26,2364.96,Passenger Request
REF000051,PAY00011165,BK00011165,2026-03-07,2710.18,Schedule Change
REF000052,PAY00011313,BK00011313,2025-06-01,1638.18,Medical Emergency
REF000053,PAY00011361,BK00011361,2025-10-05,647.6,Flight Cancelled
REF000054,PAY00011672,BK00011672,2025-09-11,1318.29,Passenger Request
REF000055,PAY00012127,BK00012127,2025-10-26,2028.73,Duplicate Booking
REF000056,PAY00012300,BK00012300,2025-09-24,2420.82,Flight Cancelled
REF000057,PAY00012435,BK00012435,2026-01-27,582.87,Schedule Change
REF000058,PAY00012565,BK00012565,2025-12-17,479.43,Flight Cancelled
REF000059,PAY00012576,BK00012576,2025-06-12,2530.42,Medical Emergency
REF000060,PAY00012748,BK00012748,2025-10-30,1119.14,Schedule Change
REF000061,PAY00013268,BK00013268,2025-09-14,3282.11,Schedule Change
REF000062,PAY00013630,BK00013630,2026-01-10,890.18,Duplicate Booking
REF000063,PAY00013682,BK00013682,2026-06-23,3678.03,Schedule Change
REF000064,PAY00013722,BK00013722,2025-11-17,2592.23,Medical Emergency
REF000065,PAY00014327,BK00014327,2026-01-26,793.88,Flight Cancelled
REF000066,PAY00014787,BK00014787,2025-12-24,1172.22,Schedule Change
REF000067,PAY00014987,BK00014987,2025-12-26,1178.72,Schedule Change
REF000068,PAY00015011,BK00015011,2026-02-17,1445.35,Medical Emergency
REF000069,PAY00015031,BK00015031,2026-05-10,2626.27,Duplicate Booking
REF000070,PAY00015249,BK00015249,2025-06-18,49.27,Duplicate Booking
REF000071,PAY00015552,BK00015552,2025-12-28,1710.54,Duplicate Booking
REF000072,PAY00016096,BK00016096,2026-01-11,2131.1,Passenger Request
REF000073,PAY00016306,BK00016306,2025-07-05,1218.73,Schedule Change
REF000074,PAY00016510,BK00016510,2026-04-17,98.67,Medical Emergency
REF000075,PAY00016513,BK00016513,2026-05-11,3769.08,Duplicate Booking
REF000076,PAY00016583,BK00016583,2026-01-19,3016.87,Flight Cancelled
REF000077,PAY00016600,BK00016600,2026-03-15,303.75,Passenger Request
REF000078,PAY00016637,BK00016637,2026-01-16,1129.65,Medical Emergency
REF000079,PAY00017143,BK00017143,2025-06-26,371.62,Passenger Request
REF000080,PAY00017348,BK00017348,2026-02-19,2268.81,Schedule Change
REF000081,PAY00017584,BK00017584,2025-10-09,1851.6,Schedule Change
REF000082,PAY00017653,BK00017653,2025-08-03,2308.63,Passenger Request
REF000083,PAY00017732,BK00017732,2026-02-24,906.87,Schedule Change
REF000084,PAY00017791,BK00017791,2025-06-06,148.29,Passenger Request
REF000085,PAY00017933,BK00017933,2026-06-04,1161.78,Schedule Change
REF000086,PAY00017934,BK00017934,2025-07-19,3523.48,Medical Emergency
REF000087,PAY00018123,BK00018123,2025-09-19,1662.38,Flight Cancelled
REF000088,PAY00018130,BK00018130,2026-01-06,1721.91,Flight Cancelled
REF000089,PAY00018278,BK00018278,2025-12-03,1351.66,Passenger Request
REF000090,PAY00018482,BK00018482,2025-10-31,1311.42,Flight Cancelled
REF000091,PAY00018548,BK00018548,2025-07-26,698.35,Schedule Change
REF000092,PAY00018572,BK00018572,2025-08-09,255.67,Schedule Change
REF000093,PAY00018849,BK00018849,2025-09-08,1230.23,Passenger Request
REF000094,PAY00018911,BK00018911,2026-07-14,2826.0,Medical Emergency
REF000095,PAY00019330,BK00019330,2026-01-20,2969.41,Duplicate Booking
REF000096,PAY00019340,BK00019340,2026-03-09,3356.01,Medical Emergency
REF000097,PAY00019474,BK00019474,2025-10-02,1236.7,Schedule Change
REF000098,PAY00019613,BK00019613,2025-10-10,198.69,Passenger Request
REF000099,PAY00019665,BK00019665,2026-06-14,417.4,Schedule Change
REF000100,PAY00020059,BK00020059,2025-12-02,1351.5,Duplicate Booking
REF000101,PAY00020193,BK00020193,2026-02-17,1720.99,Passenger Request
REF000102,PAY00020221,BK00020221,2025-12-04,3266.35,Passenger Request
REF000103,PAY00020310,BK00020310,2025-07-06,1719.34,Medical Emergency
REF000104,PAY00020419,BK00020419,2025-11-04,2147.47,Schedule Change
REF000105,PAY00020543,BK00020543,2025-09-01,581.13,Duplicate Booking
REF000106,PAY00021210,BK00021210,2026-04-18,4121.07,Passenger Request
REF000107,PAY00021638,BK00021638,2026-03-17,2805.65,Flight Cancelled
REF000108,PAY00021862,BK00021862,2025-09-21,334.69,Flight Cancelled
REF000109,PAY00022054,BK00022054,2026-03-06,2243.84,Duplicate Booking
REF000110,PAY00022059,BK00022059,2025-10-05,521.62,Schedule Change
REF000111,PAY00023186,BK00023186,2026-03-27,565.31,Passenger Request
REF000112,PAY00023391,BK00023391,2025-11-09,1913.22,Schedule Change
REF000113,PAY00023985,BK00023985,2026-07-19,1137.24,Flight Cancelled
REF000114,PAY00024155,BK00024155,2026-02-16,2983.48,Flight Cancelled
REF000115,PAY00024334,BK00024334,2025-08-09,1409.66,Schedule Change
REF000116,PAY00024506,BK00024506,2025-09-17,2492.86,Schedule Change
REF000117,PAY00024537,BK00024537,2026-02-02,1810.32,Passenger Request
REF000118,PAY00024540,BK00024540,2025-09-07,231.99,Schedule Change
REF000119,PAY00024623,BK00024623,2026-04-27,954.83,Duplicate Booking
REF000120,PAY00024668,BK00024668,2026-03-17,84.47,Schedule Change
REF000121,PAY00024952,BK00024952,2025-10-24,461.82,Flight Cancelled
REF000122,PAY00024974,BK00024974,2026-02-21,2949.49,Medical Emergency
REF000123,PAY00025107,BK00025107,2026-03-21,1729.79,Duplicate Booking
REF000124,PAY00025117,BK00025117,2025-11-06,3237.77,Duplicate Booking
REF000125,PAY00025620,BK00025620,2025-12-26,2935.84,Medical Emergency
REF000126,PAY00025669,BK00025669,2025-07-23,962.51,Schedule Change
REF000127,PAY00025978,BK00025978,2026-01-22,2703.88,Passenger Request
REF000128,PAY00026010,BK00026010,2025-06-23,1811.51,Medical Emergency
REF000129,PAY00026122,BK00026122,2026-07-07,3049.96,Duplicate Booking
REF000130,PAY00026372,BK00026372,2025-03-30,2435.25,Medical Emergency
REF000131,PAY00026384,BK00026384,2025-11-25,77.1,Duplicate Booking
REF000132,PAY00026484,BK00026484,2025-11-19,157.14,Flight Cancelled
REF000133,PAY00026897,BK00026897,2025-12-01,211.35,Passenger Request
REF000134,PAY00026947,BK00026947,2025-12-20,1587.37,Passenger Request
REF000135,PAY00027011,BK00027011,2026-08-03,1571.03,Passenger Request
REF000136,PAY00027169,BK00027169,2026-06-26,1661.87,Flight Cancelled
REF000137,PAY00027248,BK00027248,2025-10-11,406.15,Duplicate Booking
REF000138,PAY00027292,BK00027292,2026-01-30,574.89,Medical Emergency
REF000139,PAY00027400,BK00027400,2026-02-11,1446.34,Duplicate Booking
REF000140,PAY00027529,BK00027529,2025-08-10,761.49,Flight Cancelled
REF000141,PAY00027635,BK00027635,2026-05-13,566.42,Passenger Request
REF000142,PAY00027866,BK00027866,2025-11-20,829.57,Flight Cancelled
REF000143,PAY00028332,BK00028332,2025-11-04,2181.99,Duplicate Booking
REF000144,PAY00028442,BK00028442,2026-03-07,3061.94,Schedule Change
REF000145,PAY00028599,BK00028599,2025-11-23,2386.38,Flight Cancelled
REF000146,PAY00028638,BK00028638,2026-06-19,1501.02,Medical Emergency
REF000147,PAY00028937,BK00028937,2025-08-24,557.07,Medical Emergency
REF000148,PAY00029021,BK00029021,2026-06-05,560.78,Duplicate Booking
REF000149,PAY00029140,BK00029140,2025-08-24,1484.51,Duplicate Booking
REF000150,PAY00029401,BK00029401,2025-11-23,2463.13,Flight Cancelled
REF000151,PAY00029546,BK00029546,2026-02-27,1429.2,Duplicate Booking
REF000152,PAY00029594,BK00029594,2026-06-09,3643.25,Schedule Change
REF000153,PAY00029661,BK00029661,2026-04-17,1599.02,Duplicate Booking
REF000154,PAY00029809,BK00029809,2025-07-24,296.55,Duplicate Booking
REF000155,PAY00029852,BK00029852,2025-10-23,3184.17,Passenger Request
REF000156,PAY00029870,BK00029870,2026-02-04,1785.48,Schedule Change
REF000157,PAY00029874,BK00029874,2025-07-25,508.39,Medical Emergency
REF000158,PAY00030334,BK00030334,2025-09-17,3027.59,Flight Cancelled
REF000159,PAY00030430,BK00030430,2026-01-12,3089.63,Duplicate Booking
REF000160,PAY00031660,BK00031660,2025-07-26,2812.23,Flight Cancelled
REF000161,PAY00031803,BK00031803,2025-05-31,3709.33,Medical Emergency
REF000162,PAY00031903,BK00031903,2025-08-21,1328.44,Medical Emergency
REF000163,PAY00032027,BK00032027,2025-09-29,1573.55,Flight Cancelled
REF000164,PAY00032122,BK00032122,2026-02-20,1367.59,Flight Cancelled
REF000165,PAY00032181,BK00032181,2025-08-08,3349.14,Flight Cancelled
REF000166,PAY00032218,BK00032218,2025-08-18,2829.7,Passenger Request
REF000167,PAY00032233,BK00032233,2026-03-15,855.36,Medical Emergency
REF000168,PAY00032251,BK00032251,2025-11-08,4172.46,Flight Cancelled
REF000169,PAY00032315,BK00032315,2026-02-23,798.07,Schedule Change
REF000170,PAY00032383,BK00032383,2025-06-27,3221.99,Medical Emergency
REF000171,PAY00032465,BK00032465,2026-02-04,655.65,Medical Emergency
REF000172,PAY00032579,BK00032579,2026-05-23,1037.15,Medical Emergency
REF000173,PAY00032844,BK00032844,2025-09-02,1133.06,Medical Emergency
REF000174,PAY00032848,BK00032848,2026-02-12,2146.3,Passenger Request
REF000175,PAY00032955,BK00032955,2026-01-04,2836.37,Passenger Request
REF000176,PAY00033861,BK00033861,2025-07-11,475.5,Medical Emergency
REF000177,PAY00033988,BK00033988,2026-06-15,2996.52,Flight Cancelled
REF000178,PAY00034161,BK00034161,2025-10-25,1787.77,Schedule Change
REF000179,PAY00034282,BK00034282,2025-06-23,1554.49,Schedule Change
REF000180,PAY00034968,BK00034968,2026-01-26,2792.34,Duplicate Booking
REF000181,PAY00035022,BK00035022,2025-04-09,826.51,Passenger Request
REF000182,PAY00035210,BK00035210,2025-07-21,529.43,Flight Cancelled
REF000183,PAY00035503,BK00035503,2026-06-18,2828.64,Medical Emergency
REF000184,PAY00035519,BK00035519,2026-04-26,2286.22,Duplicate Booking
REF000185,PAY00035679,BK00035679,2025-08-26,3184.88,Passenger Request
REF000186,PAY00035896,BK00035896,2025-12-20,567.7,Schedule Change
REF000187,PAY00036249,BK00036249,2025-04-28,1146.91,Duplicate Booking
REF000188,PAY00036656,BK00036656,2025-04-26,1115.63,Duplicate Booking
REF000189,PAY00036694,BK00036694,2026-03-01,1732.75,Schedule Change
REF000190,PAY00036877,BK00036877,2025-07-04,814.35,Duplicate Booking
REF000191,PAY00036965,BK00036965,2025-10-28,1826.39,Flight Cancelled
REF000192,PAY00037090,BK00037090,2025-07-16,2194.43,Schedule Change
REF000193,PAY00037413,BK00037413,2026-03-03,2226.49,Passenger Request
REF000194,PAY00037637,BK00037637,2025-05-07,2552.77,Flight Cancelled
REF000195,PAY00037849,BK00037849,2025-06-13,1459.81,Medical Emergency
REF000196,PAY00037874,BK00037874,2025-11-25,2182.89,Duplicate Booking
REF000197,PAY00037939,BK00037939,2026-03-28,1807.79,Schedule Change
REF000198,PAY00038052,BK00038052,2025-11-20,1352.86,Passenger Request
REF000199,PAY00038230,BK00038230,2026-07-06,1871.11,Duplicate Booking
REF000200,PAY00038405,BK00038405,2026-04-20,3079.88,Duplicate Booking
REF000201,PAY00038530,BK00038530,2026-02-14,2133.04,Medical Emergency
REF000202,PAY00038558,BK00038558,2025-09-09,3161.97,Medical Emergency
REF000203,PAY00038900,BK00038900,2025-07-23,1599.37,Schedule Change
REF000204,PAY00039236,BK00039236,2025-12-18,1180.89,Passenger Request
REF000205,PAY00039552,BK00039552,2025-09-05,759.53,Flight Cancelled
REF000206,PAY00039832,BK00039832,2025-05-20,2051.57,Schedule Change
REF000207,PAY00040783,BK00040783,2025-07-27,3043.62,Medical Emergency
REF000208,PAY00041374,BK00041374,2026-02-22,1331.57,Duplicate Booking
REF000209,PAY00041621,BK00041621,2026-01-15,231.54,Schedule Change
REF000210,PAY00041654,BK00041654,2025-05-22,3225.79,Duplicate Booking
REF000211,PAY00041730,BK00041730,2025-08-29,1156.13,Medical Emergency
REF000212,PAY00041738,BK00041738,2025-10-27,1729.71,Flight Cancelled
REF000213,PAY00041847,BK00041847,2025-12-22,2953.18,Medical Emergency
REF000214,PAY00042038,BK00042038,2026-04-17,1349.04,Flight Cancelled
REF000215,PAY00042100,BK00042100,2025-11-21,1229.13,Schedule Change
REF000216,PAY00042414,BK00042414,2026-03-04,269.42,Flight Cancelled
REF000217,PAY00042809,BK00042809,2026-04-05,2378.04,Duplicate Booking
REF000218,PAY00042830,BK00042830,2025-06-30,218.57,Medical Emergency
REF000219,PAY00043056,BK00043056,2026-03-14,1952.56,Flight Cancelled
REF000220,PAY00043180,BK00043180,2025-12-12,3283.39,Flight Cancelled
REF000221,PAY00043443,BK00043443,2025-10-13,780.39,Passenger Request
REF000222,PAY00043874,BK00043874,2026-05-10,1092.48,Duplicate Booking
REF000223,PAY00044705,BK00044705,2026-01-08,667.74,Schedule Change
REF000224,PAY00044899,BK00044899,2025-08-07,3508.61,Duplicate Booking
REF000225,PAY00044962,BK00044962,2025-06-28,2557.72,Passenger Request
REF000226,PAY00045090,BK00045090,2026-01-04,1110.37,Schedule Change
REF000227,PAY00045138,BK00045138,2025-09-06,155.73,Duplicate Booking
REF000228,PAY00045857,BK00045857,2025-09-09,2405.63,Duplicate Booking
REF000229,PAY00045893,BK00045893,2025-08-04,589.33,Medical Emergency
REF000230,PAY00046170,BK00046170,2025-07-09,198.29,Medical Emergency
REF000231,PAY00046264,BK00046264,2026-03-14,1159.26,Medical Emergency
REF000232,PAY00046952,BK00046952,2025-09-11,2742.65,Passenger Request
REF000233,PAY00046985,BK00046985,2026-04-19,183.84,Flight Cancelled
REF000234,PAY00047385,BK00047385,2025-07-01,759.64,Duplicate Booking
REF000235,PAY00047509,BK00047509,2025-06-08,2250.49,Passenger Request
REF000236,PAY00047539,BK00047539,2026-01-24,1164.64,Schedule Change
REF000237,PAY00047562,BK00047562,2026-02-04,2133.0,Medical Emergency
REF000238,PAY00047604,BK00047604,2025-11-20,1474.49,Duplicate Booking
REF000239,PAY00047668,BK00047668,2026-01-15,837.48,Flight Cancelled
REF000240,PAY00048295,BK00048295,2025-08-15,86.4,Passenger Request
REF000241,PAY00048372,BK00048372,2026-04-06,2804.05,Medical Emergency
REF000242,PAY00048716,BK00048716,2025-10-08,2033.75,Medical Emergency
REF000243,PAY00048729,BK00048729,2026-05-04,122.76,Schedule Change
REF000244,PAY00048779,BK00048779,2026-07-11,2176.22,Medical Emergency
REF000245,PAY00048870,BK00048870,2025-07-08,696.8,Medical Emergency
REF000246,PAY00049017,BK00049017,2026-03-23,911.8,Schedule Change
REF000247,PAY00049254,BK00049254,2026-03-28,792.47,Schedule Change
REF000248,PAY00049349,BK00049349,2025-09-30,242.16,Flight Cancelled
REF000249,PAY00049355,BK00049355,2025-11-28,3912.67,Flight Cancelled
REF000250,PAY00049670,BK00049670,2025-12-12,2500.46,Schedule Change
REF000251,PAY00049688,BK00049688,2025-10-28,1720.24,Schedule Change
REF000252,PAY00049692,BK00049692,2025-06-14,147.58,Duplicate Booking
REF000253,PAY00049886,BK00049886,2025-10-19,2079.6,Passenger Request
REF000254,PAY00049908,BK00049908,2025-08-24,1987.39,Medical Emergency
REF000255,PAY00050215,BK00050215,2025-09-17,3499.92,Flight Cancelled
REF000256,PAY00050241,BK00050241,2025-10-12,2853.81,Schedule Change
REF000257,PAY00051177,BK00051177,2025-08-02,1156.81,Passenger Request
REF000258,PAY00051615,BK00051615,2025-12-15,3173.16,Flight Cancelled
REF000259,PAY00051619,BK00051619,2025-06-22,1757.6,Passenger Request
REF000260,PAY00051725,BK00051725,2025-05-10,1385.07,Schedule Change
REF000261,PAY00051966,BK00051966,2025-12-30,1772.48,Medical Emergency
REF000262,PAY00052363,BK00052363,2025-05-28,1765.9,Passenger Request
REF000263,PAY00052865,BK00052865,2025-10-29,1171.44,Duplicate Booking
REF000264,PAY00052950,BK00052950,2026-05-30,3694.03,Schedule Change
REF000265,PAY00053002,BK00053002,2026-04-14,1005.4,Schedule Change
REF000266,PAY00053559,BK00053559,2026-03-04,3794.04,Passenger Request
REF000267,PAY00053742,BK00053742,2025-12-05,3172.56,Flight Cancelled
REF000268,PAY00053787,BK00053787,2026-03-22,3551.12,Schedule Change
REF000269,PAY00053903,BK00053903,2026-02-03,1695.87,Flight Cancelled
REF000270,PAY00054020,BK00054020,2026-02-21,960.0,Schedule Change
REF000271,PAY00054708,BK00054708,2026-03-01,1693.37,Flight Cancelled
REF000272,PAY00055255,BK00055255,2025-10-26,1699.76,Schedule Change
REF000273,PAY00055296,BK00055296,2026-03-02,503.9,Schedule Change
REF000274,PAY00055423,BK00055423,2025-09-12,2256.79,Passenger Request
REF000275,PAY00055622,BK00055622,2025-11-01,2212.42,Duplicate Booking
REF000276,PAY00056084,BK00056084,2025-09-24,2819.61,Passenger Request
REF000277,PAY00056160,BK00056160,2026-06-05,2333.5,Medical Emergency
REF000278,PAY00056181,BK00056181,2025-08-21,522.1,Duplicate Booking
REF000279,PAY00056323,BK00056323,2025-06-10,3496.01,Duplicate Booking
REF000280,PAY00056380,BK00056380,2026-05-01,1629.61,Duplicate Booking
REF000281,PAY00056529,BK00056529,2026-05-24,1581.5,Passenger Request
REF000282,PAY00056648,BK00056648,2026-04-11,444.49,Medical Emergency
REF000283,PAY00056919,BK00056919,2026-01-30,1871.79,Medical Emergency
REF000284,PAY00057334,BK00057334,2026-04-11,1890.73,Passenger Request
REF000285,PAY00057913,BK00057913,2025-08-24,728.01,Schedule Change
REF000286,PAY00058095,BK00058095,2025-07-08,1309.18,Flight Cancelled
REF000287,PAY00058243,BK00058243,2025-08-09,1120.39,Flight Cancelled
REF000288,PAY00058689,BK00058689,2026-05-12,4218.96,Schedule Change
REF000289,PAY00058903,BK00058903,2025-08-24,1268.6,Duplicate Booking
REF000290,PAY00059163,BK00059163,2025-11-24,1444.84,Medical Emergency
REF000291,PAY00059427,BK00059427,2025-04-30,412.04,Schedule Change
REF000292,PAY00059499,BK00059499,2026-06-30,2443.3,Medical Emergency
REF000293,PAY00059669,BK00059669,2025-12-19,1580.56,Flight Cancelled
REF000294,PAY00059784,BK00059784,2025-05-26,2669.72,Medical Emergency
REF000295,PAY00059912,BK00059912,2025-07-30,630.73,Duplicate Booking
REF000296,PAY00059929,BK00059929,2026-03-07,222.41,Medical Emergency
REF000297,PAY00060027,BK00060027,2025-11-22,3371.74,Passenger Request
REF000298,PAY00060129,BK00060129,2025-12-02,514.36,Passenger Request
REF000299,PAY00060208,BK00060208,2025-09-26,2743.14,Flight Cancelled
REF000300,PAY00060412,BK00060412,2026-04-13,2027.06,Flight Cancelled
REF000301,PAY00060587,BK00060587,2025-06-14,568.2,Flight Cancelled
REF000302,PAY00060846,BK00060846,2026-08-03,2279.73,Flight Cancelled
REF000303,PAY00061014,BK00061014,2025-08-15,3207.71,Schedule Change
REF000304,PAY00061430,BK00061430,2026-03-26,2843.3,Medical Emergency
REF000305,PAY00061679,BK00061679,2025-07-22,1998.02,Schedule Change
REF000306,PAY00062512,BK00062512,2026-01-15,1086.61,Schedule Change
REF000307,PAY00062599,BK00062599,2025-11-11,1139.14,Duplicate Booking
REF000308,PAY00062707,BK00062707,2025-08-12,2596.28,Flight Cancelled
REF000309,PAY00062760,BK00062760,2026-04-25,3615.64,Passenger Request
REF000310,PAY00062872,BK00062872,2025-11-16,2971.48,Schedule Change
REF000311,PAY00063149,BK00063149,2025-10-18,610.98,Schedule Change
REF000312,PAY00063901,BK00063901,2025-07-02,1954.11,Flight Cancelled
REF000313,PAY00064123,BK00064123,2025-12-20,3439.67,Duplicate Booking
REF000314,PAY00064511,BK00064511,2025-05-30,56.94,Schedule Change
REF000315,PAY00064833,BK00064833,2026-02-04,937.67,Flight Cancelled
REF000316,PAY00064912,BK00064912,2025-07-23,1810.99,Medical Emergency
REF000317,PAY00065018,BK00065018,2026-05-05,1663.03,Medical Emergency
REF000318,PAY00065074,BK00065074,2025-08-07,172.85,Passenger Request
REF000319,PAY00065123,BK00065123,2025-11-21,1905.21,Flight Cancelled
REF000320,PAY00065654,BK00065654,2026-03-30,2390.53,Duplicate Booking
REF000321,PAY00065713,BK00065713,2025-12-12,2287.92,Flight Cancelled
REF000322,PAY00065958,BK00065958,2025-09-20,77.58,Flight Cancelled
REF000323,PAY00066201,BK00066201,2026-04-25,345.09,Flight Cancelled
REF000324,PAY00066399,BK00066399,2025-07-05,1251.56,Schedule Change
REF000325,PAY00066410,BK00066410,2025-10-20,2725.01,Duplicate Booking
REF000326,PAY00066447,BK00066447,2025-06-13,3022.46,Passenger Request
REF000327,PAY00066848,BK00066848,2026-01-15,333.12,Passenger Request
REF000328,PAY00066878,BK00066878,2025-08-07,3178.99,Duplicate Booking
REF000329,PAY00067329,BK00067329,2026-02-19,474.95,Flight Cancelled
REF000330,PAY00067347,BK00067347,2025-10-07,2813.69,Duplicate Booking
REF000331,PAY00067360,BK00067360,2026-01-16,2336.72,Duplicate Booking
REF000332,PAY00067527,BK00067527,2025-11-17,2538.6,Flight Cancelled
REF000333,PAY00067686,BK00067686,2025-11-17,693.05,Passenger Request
REF000334,PAY00067763,BK00067763,2025-04-22,2205.05,Passenger Request
REF000335,PAY00068083,BK00068083,2025-11-19,1260.0,Medical Emergency
REF000336,PAY00068249,BK00068249,2025-08-31,370.69,Flight Cancelled
REF000337,PAY00068262,BK00068262,2026-02-27,1052.77,Passenger Request
REF000338,PAY00068286,BK00068286,2026-08-03,1819.16,Schedule Change
REF000339,PAY00068716,BK00068716,2025-11-14,1644.14,Duplicate Booking
REF000340,PAY00068760,BK00068760,2025-07-05,952.16,Duplicate Booking
REF000341,PAY00068953,BK00068953,2026-03-22,3116.57,Passenger Request
REF000342,PAY00069167,BK00069167,2025-07-23,287.55,Flight Cancelled
REF000343,PAY00069297,BK00069297,2025-07-20,531.95,Medical Emergency
REF000344,PAY00069399,BK00069399,2026-01-23,2043.92,Flight Cancelled
REF000345,PAY00070500,BK00070500,2026-04-02,2858.87,Passenger Request
REF000346,PAY00070586,BK00070586,2026-02-21,871.32,Passenger Request
REF000347,PAY00070760,BK00070760,2025-10-05,309.81,Passenger Request
REF000348,PAY00070846,BK00070846,2025-06-27,987.63,Passenger Request
REF000349,PAY00071182,BK00071182,2026-03-02,1888.01,Passenger Request
REF000350,PAY00071325,BK00071325,2025-09-11,2680.77,Medical Emergency
REF000351,PAY00071479,BK00071479,2025-12-12,1392.24,Passenger Request
REF000352,PAY00071483,BK00071483,2026-02-07,1803.38,Schedule Change
REF000353,PAY00071620,BK00071620,2025-12-13,1997.78,Duplicate Booking
REF000354,PAY00071910,BK00071910,2026-05-03,2093.31,Flight Cancelled
REF000355,PAY00071938,BK00071938,2025-11-10,771.15,Medical Emergency
REF000356,PAY00071945,BK00071945,2026-01-27,1578.04,Schedule Change
REF000357,PAY00071962,BK00071962,2025-07-02,2780.08,Schedule Change
REF000358,PAY00072295,BK00072295,2026-06-01,1121.48,Duplicate Booking
REF000359,PAY00072548,BK00072548,2026-01-23,2260.18,Passenger Request
REF000360,PAY00072557,BK00072557,2026-05-10,660.66,Passenger Request
REF000361,PAY00072632,BK00072632,2026-04-23,94.02,Duplicate Booking
REF000362,PAY00072757,BK00072757,2025-10-05,1769.19,Schedule Change
REF000363,PAY00072881,BK00072881,2026-02-21,2235.32,Schedule Change
REF000364,PAY00073183,BK00073183,2026-05-10,470.26,Flight Cancelled
REF000365,PAY00073262,BK00073262,2025-10-20,2608.23,Schedule Change
REF000366,PAY00073294,BK00073294,2025-08-15,1594.93,Duplicate Booking
REF000367,PAY00073415,BK00073415,2025-10-23,1522.8,Schedule Change
REF000368,PAY00073491,BK00073491,2026-01-31,3965.35,Passenger Request
REF000369,PAY00073495,BK00073495,2026-01-10,241.88,Duplicate Booking
REF000370,PAY00074266,BK00074266,2025-07-02,427.36,Schedule Change
REF000371,PAY00074560,BK00074560,2026-04-18,1340.53,Duplicate Booking
REF000372,PAY00074634,BK00074634,2025-12-28,1193.66,Medical Emergency
REF000373,PAY00075291,BK00075291,2025-10-25,2535.17,Schedule Change
REF000374,PAY00075561,BK00075561,2025-05-14,1760.44,Flight Cancelled
REF000375,PAY00075587,BK00075587,2026-01-10,171.59,Duplicate Booking
REF000376,PAY00075716,BK00075716,2026-07-09,434.29,Flight Cancelled
REF000377,PAY00075814,BK00075814,2025-10-30,960.15,Flight Cancelled
REF000378,PAY00075982,BK00075982,2025-07-24,2897.35,Schedule Change
REF000379,PAY00076458,BK00076458,2025-12-24,426.86,Passenger Request
REF000380,PAY00076524,BK00076524,2025-12-15,1700.93,Passenger Request
REF000381,PAY00076706,BK00076706,2025-07-18,1157.56,Medical Emergency
REF000382,PAY00076844,BK00076844,2025-07-01,277.4,Duplicate Booking
REF000383,PAY00076915,BK00076915,2025-06-02,2598.92,Passenger Request
REF000384,PAY00077066,BK00077066,2026-01-08,1429.56,Duplicate Booking
REF000385,PAY00077078,BK00077078,2026-01-11,1823.93,Schedule Change
REF000386,PAY00077241,BK00077241,2025-12-06,1995.89,Medical Emergency
REF000387,PAY00077349,BK00077349,2026-03-08,364.24,Medical Emergency
REF000388,PAY00077536,BK00077536,2026-06-11,708.04,Passenger Request
REF000389,PAY00077560,BK00077560,2025-03-30,1936.2,Schedule Change
REF000390,PAY00077615,BK00077615,2025-03-19,2256.62,Schedule Change
REF000391,PAY00077913,BK00077913,2026-02-20,1008.97,Flight Cancelled
REF000392,PAY00078098,BK00078098,2026-05-17,2821.53,Flight Cancelled
REF000393,PAY00078679,BK00078679,2026-02-20,1200.52,Duplicate Booking
REF000394,PAY00079010,BK00079010,2026-01-25,2647.46,Duplicate Booking
REF000395,PAY00079166,BK00079166,2025-06-14,253.91,Schedule Change
REF000396,PAY00079386,BK00079386,2025-12-14,1765.05,Duplicate Booking
REF000397,PAY00079904,BK00079904,2025-12-08,398.74,Medical Emergency
REF000398,PAY00080833,BK00080833,2026-03-28,883.74,Medical Emergency
REF000399,PAY00080961,BK00080961,2026-05-06,1735.64,Medical Emergency
REF000400,PAY00081176,BK00081176,2025-11-09,105.53,Schedule Change
REF000401,PAY00081299,BK00081299,2025-08-22,2030.86,Duplicate Booking
REF000402,PAY00081440,BK00081440,2026-02-27,1673.36,Duplicate Booking
REF000403,PAY00081828,BK00081828,2025-05-01,3330.62,Medical Emergency
REF000404,PAY00082034,BK00082034,2026-02-20,3336.01,Flight Cancelled
REF000405,PAY00082113,BK00082113,2025-10-30,1449.5,Flight Cancelled
REF000406,PAY00082295,BK00082295,2025-08-30,2389.59,Flight Cancelled
REF000407,PAY00082352,BK00082352,2025-08-30,895.25,Schedule Change
REF000408,PAY00082443,BK00082443,2026-05-12,2231.13,Flight Cancelled
REF000409,PAY00082890,BK00082890,2025-11-22,418.2,Schedule Change
REF000410,PAY00082930,BK00082930,2025-10-18,2069.04,Duplicate Booking
REF000411,PAY00083227,BK00083227,2026-01-19,2960.95,Duplicate Booking
REF000412,PAY00084231,BK00084231,2026-02-20,2173.05,Schedule Change
REF000413,PAY00084543,BK00084543,2025-09-04,2183.2,Passenger Request
REF000414,PAY00084546,BK00084546,2026-05-12,4192.81,Flight Cancelled
REF000415,PAY00085340,BK00085340,2025-12-06,3353.78,Flight Cancelled
REF000416,PAY00085414,BK00085414,2025-09-10,484.8,Passenger Request
REF000417,PAY00085957,BK00085957,2026-02-11,1746.75,Flight Cancelled
REF000418,PAY00086216,BK00086216,2025-10-30,543.05,Passenger Request
REF000419,PAY00086435,BK00086435,2025-05-23,3551.06,Schedule Change
REF000420,PAY00086862,BK00086862,2026-01-26,2181.35,Passenger Request
REF000421,PAY00086910,BK00086910,2026-02-06,254.27,Flight Cancelled
REF000422,PAY00086918,BK00086918,2025-08-22,4082.83,Duplicate Booking
REF000423,PAY00086991,BK00086991,2025-09-16,182.89,Schedule Change
REF000424,PAY00086999,BK00086999,2026-03-11,2762.89,Flight Cancelled
REF000425,PAY00087538,BK00087538,2026-02-14,429.16,Medical Emergency
REF000426,PAY00087644,BK00087644,2025-10-19,1524.47,Flight Cancelled
REF000427,PAY00087932,BK00087932,2025-10-08,558.16,Medical Emergency
REF000428,PAY00088199,BK00088199,2025-09-19,941.16,Duplicate Booking
REF000429,PAY00088202,BK00088202,2026-04-07,269.75,Medical Emergency
REF000430,PAY00088382,BK00088382,2025-12-11,2352.25,Medical Emergency
REF000431,PAY00088530,BK00088530,2026-01-18,1558.98,Medical Emergency
REF000432,PAY00088615,BK00088615,2025-08-12,1268.02,Schedule Change
REF000433,PAY00089158,BK00089158,2025-12-28,1188.51,Medical Emergency
REF000434,PAY00089594,BK00089594,2026-02-11,2343.83,Passenger Request
REF000435,PAY00089651,BK00089651,2025-11-28,2330.82,Medical Emergency
REF000436,PAY00089680,BK00089680,2026-04-08,2274.12,Schedule Change
REF000437,PAY00089779,BK00089779,2026-01-23,1900.76,Schedule Change
REF000438,PAY00089801,BK00089801,2026-03-05,1499.99,Passenger Request
REF000439,PAY00089942,BK00089942,2025-07-05,3265.77,Schedule Change
REF000440,PAY00089974,BK00089974,2025-12-04,788.21,Medical Emergency
REF000441,PAY00090521,BK00090521,2025-06-26,3562.29,Medical Emergency
REF000442,PAY00090526,BK00090526,2026-01-28,1958.33,Flight Cancelled
REF000443,PAY00090864,BK00090864,2026-06-25,354.2,Flight Cancelled
REF000444,PAY00091381,BK00091381,2026-06-06,3959.61,Schedule Change
REF000445,PAY00091428,BK00091428,2025-12-18,3036.73,Schedule Change
REF000446,PAY00091652,BK00091652,2025-08-15,2541.49,Flight Cancelled
REF000447,PAY00091905,BK00091905,2025-11-16,2357.29,Passenger Request
REF000448,PAY00092303,BK00092303,2026-01-06,2272.31,Flight Cancelled
REF000449,PAY00092390,BK00092390,2025-04-12,1715.32,Schedule Change
REF000450,PAY00092411,BK00092411,2026-01-28,1468.19,Flight Cancelled
REF000451,PAY00092575,BK00092575,2025-04-18,847.75,Duplicate Booking
REF000452,PAY00092756,BK00092756,2025-10-12,1818.62,Flight Cancelled
REF000453,PAY00092990,BK00092990,2025-09-19,2109.63,Medical Emergency
REF000454,PAY00093022,BK00093022,2026-07-27,3322.83,Passenger Request
REF000455,PAY00093026,BK00093026,2026-02-08,878.05,Duplicate Booking
REF000456,PAY00093206,BK00093206,2025-05-29,1300.62,Duplicate Booking
REF000457,PAY00093292,BK00093292,2025-11-04,925.68,Passenger Request
REF000458,PAY00093304,BK00093304,2025-10-23,1616.09,Schedule Change
REF000459,PAY00093340,BK00093340,2025-10-16,126.73,Flight Cancelled
REF000460,PAY00093380,BK00093380,2026-03-16,786.75,Schedule Change
REF000461,PAY00093546,BK00093546,2025-12-04,244.67,Duplicate Booking
REF000462,PAY00093975,BK00093975,2025-12-03,1363.02,Schedule Change
REF000463,PAY00093989,BK00093989,2026-01-23,1045.15,Medical Emergency
REF000464,PAY00094643,BK00094643,2026-02-11,1494.03,Medical Emergency
REF000465,PAY00095163,BK00095163,2026-07-05,2904.9,Medical Emergency
REF000466,PAY00095416,BK00095416,2025-12-18,1989.4,Medical Emergency
REF000467,PAY00095571,BK00095571,2026-05-28,799.54,Medical Emergency
REF000468,PAY00095654,BK00095654,2025-05-23,2692.03,Passenger Request
REF000469,PAY00095743,BK00095743,2026-02-26,974.67,Medical Emergency
REF000470,PAY00095907,BK00095907,2026-03-30,2972.31,Passenger Request
REF000471,PAY00096088,BK00096088,2025-10-19,661.82,Medical Emergency
REF000472,PAY00096338,BK00096338,2026-04-23,3198.51,Passenger Request
REF000473,PAY00096462,BK00096462,2026-01-04,1960.26,Medical Emergency
REF000474,PAY00096526,BK00096526,2026-07-25,3800.62,Flight Cancelled
REF000475,PAY00096537,BK00096537,2026-01-30,3094.56,Duplicate Booking
REF000476,PAY00096549,BK00096549,2025-12-12,965.23,Duplicate Booking
REF000477,PAY00096816,BK00096816,2025-07-24,1778.68,Passenger Request
REF000478,PAY00097303,BK00097303,2025-11-30,515.33,Duplicate Booking
REF000479,PAY00097342,BK00097342,2025-12-17,808.63,Flight Cancelled
REF000480,PAY00097491,BK00097491,2026-01-02,422.26,Medical Emergency
REF000481,PAY00097706,BK00097706,2025-08-03,569.01,Passenger Request
REF000482,PAY00097759,BK00097759,2025-07-23,1355.55,Passenger Request
REF000483,PAY00097777,BK00097777,2025-08-16,2969.41,Flight Cancelled
REF000484,PAY00097904,BK00097904,2026-02-20,669.31,Duplicate Booking
REF000485,PAY00098131,BK00098131,2025-04-22,90.55,Medical Emergency
REF000486,PAY00098152,BK00098152,2025-11-10,228.82,Duplicate Booking
REF000487,PAY00098210,BK00098210,2026-02-03,81.79,Flight Cancelled
REF000488,PAY00098532,BK00098532,2025-10-25,2364.4,Flight Cancelled
REF000489,PAY00098617,BK00098617,2025-10-10,154.9,Schedule Change
REF000490,PAY00098640,BK00098640,2026-03-25,201.01,Duplicate Booking
REF000491,PAY00098776,BK00098776,2026-02-14,2220.05,Medical Emergency
REF000492,PAY00099022,BK00099022,2025-06-26,1199.09,Schedule Change
REF000493,PAY00099074,BK00099074,2026-08-03,3576.01,Medical Emergency
REF000494,PAY00100236,BK00100236,2025-06-24,389.01,Passenger Request
REF000495,PAY00100483,BK00100483,2025-08-30,2930.7,Flight Cancelled
REF000496,PAY00100549,BK00100549,2025-05-31,141.66,Flight Cancelled
REF000497,PAY00100580,BK00100580,2026-07-03,944.52,Medical Emergency
REF000498,PAY00100952,BK00100952,2026-07-03,2712.14,Duplicate Booking
REF000499,PAY00101114,BK00101114,2025-06-28,282.66,Flight Cancelled
REF000500,PAY00101129,BK00101129,2026-02-23,1159.21,Passenger Request
REF000501,PAY00101202,BK00101202,2025-10-05,1085.71,Duplicate Booking
REF000502,PAY00101372,BK00101372,2025-10-12,2147.56,Flight Cancelled
REF000503,PAY00101395,BK00101395,2025-07-07,1520.79,Flight Cancelled
REF000504,PAY00101538,BK00101538,2026-02-10,3001.34,Duplicate Booking
REF000505,PAY00101929,BK00101929,2026-01-16,1049.97,Flight Cancelled
REF000506,PAY00101980,BK00101980,2025-08-31,862.81,Schedule Change
REF000507,PAY00102258,BK00102258,2025-08-02,2107.86,Duplicate Booking
REF000508,PAY00102554,BK00102554,2025-10-13,2238.19,Duplicate Booking
REF000509,PAY00102623,BK00102623,2026-03-25,1976.8,Passenger Request
REF000510,PAY00102702,BK00102702,2026-01-13,698.75,Medical Emergency
REF000511,PAY00103042,BK00103042,2026-01-07,1937.03,Passenger Request
REF000512,PAY00103055,BK00103055,2025-12-31,2113.54,Duplicate Booking
REF000513,PAY00103065,BK00103065,2025-11-10,1692.33,Medical Emergency
REF000514,PAY00103281,BK00103281,2025-12-27,615.34,Passenger Request
REF000515,PAY00103364,BK00103364,2026-03-15,1349.58,Flight Cancelled
REF000516,PAY00104127,BK00104127,2026-06-09,426.59,Flight Cancelled
REF000517,PAY00104472,BK00104472,2025-12-31,3254.35,Medical Emergency
REF000518,PAY00104486,BK00104486,2025-08-14,2321.97,Medical Emergency
REF000519,PAY00104624,BK00104624,2026-02-16,2025.17,Passenger Request
REF000520,PAY00104845,BK00104845,2025-08-13,3266.34,Duplicate Booking
REF000521,PAY00104870,BK00104870,2026-02-26,2835.36,Flight Cancelled
REF000522,PAY00104939,BK00104939,2025-07-24,512.78,Passenger Request
REF000523,PAY00105125,BK00105125,2025-12-10,1534.24,Medical Emergency
REF000524,PAY00105158,BK00105158,2026-03-27,1071.38,Duplicate Booking
REF000525,PAY00105378,BK00105378,2025-12-29,743.92,Medical Emergency
REF000526,PAY00106326,BK00106326,2025-12-04,185.12,Medical Emergency
REF000527,PAY00106640,BK00106640,2025-12-20,3752.18,Flight Cancelled
REF000528,PAY00106686,BK00106686,2026-03-25,695.46,Duplicate Booking
REF000529,PAY00106844,BK00106844,2025-12-28,2229.1,Schedule Change
REF000530,PAY00106895,BK00106895,2026-03-18,172.29,Flight Cancelled
REF000531,PAY00107091,BK00107091,2026-04-22,2494.4,Schedule Change
REF000532,PAY00107192,BK00107192,2025-07-21,2483.74,Medical Emergency
REF000533,PAY00107210,BK00107210,2026-02-25,970.07,Medical Emergency
REF000534,PAY00107537,BK00107537,2025-03-01,128.83,Schedule Change
REF000535,PAY00108124,BK00108124,2026-01-10,2242.55,Passenger Request
REF000536,PAY00108147,BK00108147,2025-12-27,980.51,Medical Emergency
REF000537,PAY00108310,BK00108310,2025-11-17,2052.4,Flight Cancelled
REF000538,PAY00108485,BK00108485,2025-10-14,1924.88,Medical Emergency
REF000539,PAY00108628,BK00108628,2025-09-30,3419.83,Schedule Change
REF000540,PAY00108685,BK00108685,2025-07-18,1624.77,Duplicate Booking
REF000541,PAY00108835,BK00108835,2025-08-23,2686.26,Duplicate Booking
REF000542,PAY00108880,BK00108880,2026-02-08,132.86,Duplicate Booking
REF000543,PAY00109119,BK00109119,2026-06-07,865.35,Duplicate Booking
REF000544,PAY00109217,BK00109217,2026-08-03,726.83,Duplicate Booking
REF000545,PAY00109320,BK00109320,2025-07-19,2568.2,Schedule Change
REF000546,PAY00109549,BK00109549,2025-05-24,2064.54,Passenger Request
REF000547,PAY00109863,BK00109863,2025-09-14,167.22,Schedule Change
REF000548,PAY00110321,BK00110321,2025-08-04,1895.72,Medical Emergency
REF000549,PAY00110876,BK00110876,2025-08-13,1364.94,Flight Cancelled
REF000550,PAY00110883,BK00110883,2025-12-18,487.6,Passenger Request
REF000551,PAY00111028,BK00111028,2025-10-28,1118.3,Duplicate Booking
REF000552,PAY00111088,BK00111088,2025-10-18,1056.39,Passenger Request
REF000553,PAY00111197,BK00111197,2025-07-26,781.64,Medical Emergency
REF000554,PAY00111378,BK00111378,2025-12-29,2374.51,Schedule Change
REF000555,PAY00111481,BK00111481,2026-03-18,2939.67,Duplicate Booking
REF000556,PAY00111854,BK00111854,2025-11-25,2236.43,Schedule Change
REF000557,PAY00111860,BK00111860,2026-05-04,2360.81,Schedule Change
REF000558,PAY00112000,BK00112000,2025-11-05,3340.52,Flight Cancelled
REF000559,PAY00112328,BK00112328,2026-02-28,3103.22,Schedule Change
REF000560,PAY00112553,BK00112553,2026-02-08,382.51,Passenger Request
REF000561,PAY00113235,BK00113235,2026-03-30,1635.23,Medical Emergency
REF000562,PAY00113525,BK00113525,2026-01-05,178.42,Schedule Change
REF000563,PAY00113569,BK00113569,2025-10-18,1898.21,Passenger Request
REF000564,PAY00113652,BK00113652,2025-08-27,1555.21,Medical Emergency
REF000565,PAY00113727,BK00113727,2025-11-30,928.34,Medical Emergency
REF000566,PAY00113905,BK00113905,2025-08-06,310.13,Schedule Change
REF000567,PAY00114343,BK00114343,2025-06-21,647.99,Flight Cancelled
REF000568,PAY00114578,BK00114578,2025-06-14,1607.81,Duplicate Booking
REF000569,PAY00114870,BK00114870,2026-04-30,1544.53,Duplicate Booking
REF000570,PAY00114989,BK00114989,2026-03-25,1449.1,Schedule Change
REF000571,PAY00115502,BK00115502,2025-09-05,1024.92,Flight Cancelled
REF000572,PAY00115561,BK00115561,2025-11-19,2798.17,Duplicate Booking
REF000573,PAY00115839,BK00115839,2025-10-26,3779.55,Medical Emergency
REF000574,PAY00115924,BK00115924,2025-11-04,4287.9,Schedule Change
REF000575,PAY00116077,BK00116077,2025-10-24,1927.43,Flight Cancelled
REF000576,PAY00116532,BK00116532,2025-12-13,1635.04,Flight Cancelled
REF000577,PAY00116575,BK00116575,2026-06-27,4115.15,Passenger Request
REF000578,PAY00116657,BK00116657,2026-02-11,1370.68,Flight Cancelled
REF000579,PAY00116669,BK00116669,2025-06-25,3219.1,Passenger Request
REF000580,PAY00116925,BK00116925,2025-04-25,3458.47,Flight Cancelled
REF000581,PAY00116988,BK00116988,2025-09-04,2925.15,Medical Emergency
REF000582,PAY00117096,BK00117096,2025-10-03,349.99,Passenger Request
REF000583,PAY00117865,BK00117865,2025-10-18,1340.94,Duplicate Booking
REF000584,PAY00117990,BK00117990,2026-04-26,2519.34,Medical Emergency
REF000585,PAY00118399,BK00118399,2026-06-14,1997.95,Schedule Change
REF000586,PAY00118755,BK00118755,2026-03-05,3263.08,Medical Emergency
REF000587,PAY00118893,BK00118893,2026-03-20,4244.01,Passenger Request
REF000588,PAY00119040,BK00119040,2025-03-18,2153.16,Passenger Request
REF000589,PAY00119091,BK00119091,2026-04-05,1062.47,Schedule Change
REF000590,PAY00119313,BK00119313,2025-11-11,2557.72,Medical Emergency
REF000591,PAY00119322,BK00119322,2025-06-05,2998.79,Flight Cancelled
REF000592,PAY00119326,BK00119326,2025-11-11,972.38,Duplicate Booking
REF000593,PAY00119442,BK00119442,2026-01-07,2412.73,Duplicate Booking
REF000594,PAY00119554,BK00119554,2026-05-06,3926.38,Flight Cancelled
REF000595,PAY00120396,BK00120396,2025-09-19,629.91,Schedule Change
REF000596,PAY00120469,BK00120469,2025-10-27,266.85,Medical Emergency
REF000597,PAY00120596,BK00120596,2025-08-07,3068.33,Medical Emergency
REF000598,PAY00120651,BK00120651,2025-10-03,1920.15,Schedule Change
REF000599,PAY00120766,BK00120766,2025-09-22,528.71,Schedule Change
REF000600,PAY00121028,BK00121028,2025-12-13,2094.02,Schedule Change
REF000601,PAY00121050,BK00121050,2025-03-26,860.74,Medical Emergency
REF000602,PAY00121092,BK00121092,2025-09-21,3285.57,Medical Emergency
REF000603,PAY00121341,BK00121341,2025-10-13,2790.01,Flight Cancelled
REF000604,PAY00121364,BK00121364,2025-10-19,1555.52,Flight Cancelled
REF000605,PAY00121455,BK00121455,2026-04-05,1495.53,Duplicate Booking
REF000606,PAY00121481,BK00121481,2025-07-25,832.03,Flight Cancelled
REF000607,PAY00121619,BK00121619,2026-02-12,619.72,Schedule Change
REF000608,PAY00121822,BK00121822,2025-10-01,1201.96,Passenger Request
REF000609,PAY00121839,BK00121839,2026-04-25,921.76,Passenger Request
REF000610,PAY00121951,BK00121951,2025-05-03,3356.86,Schedule Change
REF000611,PAY00122088,BK00122088,2026-03-15,2800.48,Passenger Request
REF000612,PAY00122518,BK00122518,2025-03-17,3807.6,Duplicate Booking
REF000613,PAY00122540,BK00122540,2026-02-06,467.06,Flight Cancelled
REF000614,PAY00122595,BK00122595,2026-01-21,2532.61,Medical Emergency
REF000615,PAY00122772,BK00122772,2026-04-29,3058.35,Passenger Request
REF000616,PAY00122977,BK00122977,2025-05-12,4248.44,Schedule Change
REF000617,PAY00123172,BK00123172,2025-08-16,1196.13,Passenger Request
REF000618,PAY00123185,BK00123185,2026-02-01,1600.71,Duplicate Booking
REF000619,PAY00123300,BK00123300,2025-05-10,2712.09,Duplicate Booking
REF000620,PAY00123452,BK00123452,2026-01-18,3707.12,Flight Cancelled
REF000621,PAY00123635,BK00123635,2025-10-24,2119.65,Passenger Request
REF000622,PAY00123675,BK00123675,2025-06-01,1177.53,Duplicate Booking
REF000623,PAY00123680,BK00123680,2025-11-09,1338.5,Medical Emergency
REF000624,PAY00124243,BK00124243,2026-03-20,1426.17,Medical Emergency
REF000625,PAY00124400,BK00124400,2025-11-21,285.36,Medical Emergency
REF000626,PAY00124462,BK00124462,2025-08-27,2542.54,Passenger Request
REF000627,PAY00124718,BK00124718,2025-11-14,2544.03,Duplicate Booking
REF000628,PAY00125211,BK00125211,2025-09-10,2206.06,Duplicate Booking
REF000629,PAY00125259,BK00125259,2026-02-19,2030.27,Schedule Change
REF000630,PAY00125761,BK00125761,2025-10-14,2160.05,Schedule Change
REF000631,PAY00125919,BK00125919,2025-07-08,2131.84,Duplicate Booking
REF000632,PAY00126124,BK00126124,2026-07-13,3143.27,Passenger Request
REF000633,PAY00126191,BK00126191,2026-01-02,1646.74,Schedule Change
REF000634,PAY00126205,BK00126205,2026-01-25,2116.82,Duplicate Booking
REF000635,PAY00126360,BK00126360,2026-04-16,670.9,Duplicate Booking
REF000636,PAY00126431,BK00126431,2025-11-04,395.61,Passenger Request
REF000637,PAY00126810,BK00126810,2025-08-22,1936.48,Duplicate Booking
REF000638,PAY00126960,BK00126960,2025-07-29,1036.54,Flight Cancelled
REF000639,PAY00127024,BK00127024,2025-12-14,1452.75,Flight Cancelled
REF000640,PAY00127319,BK00127319,2026-03-18,753.86,Schedule Change
REF000641,PAY00127373,BK00127373,2025-09-08,2281.75,Passenger Request
REF000642,PAY00127647,BK00127647,2026-01-22,2143.93,Schedule Change
REF000643,PAY00127920,BK00127920,2025-12-04,1822.45,Duplicate Booking
REF000644,PAY00127978,BK00127978,2026-03-25,1798.08,Medical Emergency
REF000645,PAY00127985,BK00127985,2025-10-10,1586.28,Medical Emergency
REF000646,PAY00128123,BK00128123,2025-06-12,104.7,Duplicate Booking
REF000647,PAY00128455,BK00128455,2026-05-27,1230.79,Duplicate Booking
REF000648,PAY00128644,BK00128644,2025-10-19,1522.32,Medical Emergency
REF000649,PAY00128821,BK00128821,2025-04-21,2177.16,Duplicate Booking
REF000650,PAY00128870,BK00128870,2026-01-02,3079.86,Schedule Change
REF000651,PAY00129247,BK00129247,2025-12-23,479.07,Duplicate Booking
REF000652,PAY00129395,BK00129395,2025-07-24,2829.29,Flight Cancelled
REF000653,PAY00129978,BK00129978,2026-02-05,958.55,Duplicate Booking
REF000654,PAY00130081,BK00130081,2026-06-29,973.79,Duplicate Booking
REF000655,PAY00130378,BK00130378,2026-02-26,653.53,Flight Cancelled
REF000656,PAY00130889,BK00130889,2025-08-20,2267.59,Schedule Change
REF000657,PAY00131068,BK00131068,2026-04-01,2917.68,Flight Cancelled
REF000658,PAY00131090,BK00131090,2026-03-14,563.27,Passenger Request
REF000659,PAY00131360,BK00131360,2026-03-07,2560.39,Medical Emergency
REF000660,PAY00131655,BK00131655,2025-08-08,2925.29,Duplicate Booking
REF000661,PAY00131755,BK00131755,2026-05-02,1057.78,Duplicate Booking
REF000662,PAY00132176,BK00132176,2026-01-16,606.73,Schedule Change
REF000663,PAY00132372,BK00132372,2026-01-14,793.66,Flight Cancelled
REF000664,PAY00132546,BK00132546,2025-07-27,635.84,Duplicate Booking
REF000665,PAY00132730,BK00132730,2025-12-29,762.98,Schedule Change
REF000666,PAY00132808,BK00132808,2025-11-12,977.93,Passenger Request
REF000667,PAY00132931,BK00132931,2025-04-21,995.94,Schedule Change
REF000668,PAY00133055,BK00133055,2026-03-12,2868.64,Schedule Change
REF000669,PAY00133366,BK00133366,2025-07-17,2203.35,Medical Emergency
REF000670,PAY00133426,BK00133426,2025-08-13,763.03,Flight Cancelled
REF000671,PAY00133485,BK00133485,2025-08-06,1162.36,Medical Emergency
REF000672,PAY00133932,BK00133932,2025-07-14,1542.02,Medical Emergency
REF000673,PAY00134237,BK00134237,2026-02-23,520.6,Passenger Request
REF000674,PAY00134296,BK00134296,2025-04-17,2550.39,Passenger Request
REF000675,PAY00134557,BK00134557,2026-02-14,772.46,Passenger Request
REF000676,PAY00134862,BK00134862,2026-03-15,1778.47,Flight Cancelled
REF000677,PAY00134902,BK00134902,2025-10-30,1860.27,Flight Cancelled
REF000678,PAY00135005,BK00135005,2026-04-09,1577.83,Passenger Request
REF000679,PAY00135006,BK00135006,2025-07-08,2515.67,Flight Cancelled
REF000680,PAY00135019,BK00135019,2026-02-04,1747.86,Schedule Change
REF000681,PAY00135052,BK00135052,2025-06-21,818.25,Passenger Request
REF000682,PAY00135222,BK00135222,2025-07-21,3636.93,Medical Emergency
REF000683,PAY00135551,BK00135551,2025-08-06,2019.85,Flight Cancelled
REF000684,PAY00135629,BK00135629,2026-02-08,4326.03,Passenger Request
REF000685,PAY00135765,BK00135765,2025-11-07,336.02,Flight Cancelled
REF000686,PAY00136000,BK00136000,2025-04-22,3181.69,Flight Cancelled
REF000687,PAY00136038,BK00136038,2026-04-02,3625.14,Medical Emergency
REF000688,PAY00136113,BK00136113,2026-06-01,850.25,Schedule Change
REF000689,PAY00136433,BK00136433,2025-09-09,3051.67,Flight Cancelled
REF000690,PAY00136779,BK00136779,2025-11-16,2729.79,Schedule Change
REF000691,PAY00137451,BK00137451,2026-02-27,3542.66,Schedule Change
REF000692,PAY00137673,BK00137673,2025-04-26,2688.61,Passenger Request
REF000693,PAY00137785,BK00137785,2026-07-01,2412.86,Passenger Request
REF000694,PAY00138305,BK00138305,2026-03-04,968.41,Passenger Request
REF000695,PAY00138314,BK00138314,2025-06-29,2355.87,Schedule Change
REF000696,PAY00139185,BK00139185,2026-01-03,857.32,Passenger Request
REF000697,PAY00139203,BK00139203,2025-07-30,948.47,Schedule Change
REF000698,PAY00139773,BK00139773,2025-10-26,467.33,Duplicate Booking
REF000699,PAY00139886,BK00139886,2026-02-25,1861.55,Medical Emergency
REF000700,PAY00139901,BK00139901,2026-01-26,1117.84,Schedule Change
REF000701,PAY00140046,BK00140046,2026-01-01,1976.75,Medical Emergency
REF000702,PAY00140451,BK00140451,2025-12-05,3387.89,Passenger Request
REF000703,PAY00140491,BK00140491,2025-11-03,492.9,Medical Emergency
REF000704,PAY00140572,BK00140572,2025-11-22,1274.7,Duplicate Booking
REF000705,PAY00140716,BK00140716,2026-04-27,565.99,Schedule Change
REF000706,PAY00141040,BK00141040,2025-06-06,2267.92,Flight Cancelled
REF000707,PAY00141150,BK00141150,2025-09-14,964.94,Passenger Request
REF000708,PAY00141167,BK00141167,2025-11-17,684.91,Flight Cancelled
REF000709,PAY00141273,BK00141273,2026-02-24,2658.29,Passenger Request
REF000710,PAY00141420,BK00141420,2025-07-04,1772.03,Duplicate Booking
REF000711,PAY00141464,BK00141464,2025-04-19,138.12,Medical Emergency
REF000712,PAY00141569,BK00141569,2025-12-19,896.57,Medical Emergency
REF000713,PAY00141696,BK00141696,2025-10-04,139.07,Medical Emergency
REF000714,PAY00142394,BK00142394,2026-01-15,255.19,Duplicate Booking
REF000715,PAY00142576,BK00142576,2025-04-29,2137.42,Flight Cancelled
REF000716,PAY00142796,BK00142796,2026-06-09,3096.93,Medical Emergency
REF000717,PAY00142922,BK00142922,2025-07-14,2541.64,Duplicate Booking
REF000718,PAY00143330,BK00143330,2026-02-20,3311.14,Schedule Change
REF000719,PAY00143459,BK00143459,2026-05-03,378.97,Flight Cancelled
REF000720,PAY00143477,BK00143477,2026-04-20,2724.64,Medical Emergency
REF000721,PAY00143647,BK00143647,2026-04-06,2832.57,Passenger Request
REF000722,PAY00143906,BK00143906,2025-10-29,757.87,Passenger Request
REF000723,PAY00144426,BK00144426,2025-10-20,3014.41,Schedule Change
REF000724,PAY00144555,BK00144555,2026-06-11,2222.44,Flight Cancelled
REF000725,PAY00144607,BK00144607,2025-12-03,751.77,Schedule Change
REF000726,PAY00145003,BK00145003,2025-05-19,1762.24,Duplicate Booking
REF000727,PAY00145199,BK00145199,2025-12-21,941.87,Schedule Change
REF000728,PAY00145276,BK00145276,2025-05-16,1577.24,Medical Emergency
REF000729,PAY00145704,BK00145704,2025-12-26,3309.77,Duplicate Booking
REF000730,PAY00145901,BK00145901,2025-03-18,2951.28,Flight Cancelled
REF000731,PAY00146065,BK00146065,2025-07-14,1986.65,Flight Cancelled
REF000732,PAY00146264,BK00146264,2025-10-06,1713.67,Flight Cancelled
REF000733,PAY00146265,BK00146265,2026-01-03,3222.91,Medical Emergency
REF000734,PAY00147123,BK00147123,2026-04-12,1484.67,Duplicate Booking
REF000735,PAY00147440,BK00147440,2025-09-20,881.28,Medical Emergency
REF000736,PAY00147532,BK00147532,2025-09-30,119.53,Medical Emergency
REF000737,PAY00147652,BK00147652,2025-07-11,2384.88,Schedule Change
REF000738,PAY00148002,BK00148002,2026-01-19,1797.55,Passenger Request
REF000739,PAY00148212,BK00148212,2026-05-06,1646.26,Flight Cancelled
REF000740,PAY00148523,BK00148523,2026-06-14,1464.99,Passenger Request
REF000741,PAY00148585,BK00148585,2026-01-12,2699.41,Flight Cancelled
REF000742,PAY00148806,BK00148806,2025-05-04,105.36,Medical Emergency
REF000743,PAY00148841,BK00148841,2025-11-05,182.45,Medical Emergency
REF000744,PAY00148862,BK00148862,2025-11-18,1049.81,Schedule Change
REF000745,PAY00148999,BK00148999,2026-03-31,2052.11,Schedule Change
REF000746,PAY00149112,BK00149112,2026-01-28,2145.01,Medical Emergency
REF000747,PAY00149463,BK00149463,2025-12-18,541.13,Duplicate Booking
REF000748,PAY00149526,BK00149526,2025-08-15,3654.14,Medical Emergency
REF000749,PAY00149724,BK00149724,2025-06-29,1396.48,Schedule Change
